0.0005,0.001,0.0015,0.002,0.0025,0.003,0.0035,0.004,0.0045000000000000005,0.005000000000000001,0.005500000000000001,0.006000000000000002,0.006500000000000002,0.007000000000000003,0.007500000000000003,0.008000000000000004,0.008500000000000004,0.009000000000000005,0.009500000000000005,0.010000000000000005,0.010500000000000006,0.011000000000000006,0.011500000000000007,0.012000000000000007,0.012500000000000008,0.013000000000000008,0.013500000000000009,0.014000000000000009,0.01450000000000001,0.01500000000000001,0.01550000000000001,0.01600000000000001,0.01650000000000001,0.01700000000000001,0.017500000000000012,0.018000000000000013,0.018500000000000013,0.019000000000000013,0.019500000000000014,0.020000000000000014,0.020500000000000015,0.021000000000000015,0.021500000000000016,0.022000000000000016,0.022500000000000017,0.023000000000000017,0.023500000000000017,0.024000000000000018,0.02450000000000002,0.02500000000000002,0.02550000000000002
-0.7716679243519438,-1.5432529645061712,-2.3145888169664395,-3.0855075611601177,-3.855838541609107,-4.625407188532601,-5.394033748301788,-6.161531890844432,-6.927707154962899,-7.69235518405401,-8.455259693130785,-9.21619009221812,-9.974898669473468,-10.731117207316784,-11.484552862747082,-12.234883083214887,-12.981749243060598,-13.724748558468415,-14.463423647922513,-15.197248811150729,-15.92561163434217,-16.64778776992578,-17.36290545358403,-18.069894051266132,-18.76740671607932,-19.453698931844823,-20.126427100678168,-20.782290278878165,-21.416330003357213,-22.020365077996136,-22.578667225723517,-23.0500016281156,-23.96109969195049,-24.87044427304672,-25.77794131571212,-26.683490938762894,-27.586986747037564,-28.48831503547727,-29.387353863945446,-30.283971975490584,-31.17802752363341,-32.069366564892384,-32.95782126030989,-33.843207712998456,-34.72532334593008,-35.60394369272871,-36.47881843015073,-37.34966641817917,-38.21616942267053,-39.07796406091943,-39.93463130697967
-1.0717287877953983,-2.143333265090694,-3.214564017717105,-4.285169234635461,-5.354893051359953,-6.4234738025973,-7.490642141986055,-8.556118980479404,-9.619613185918386,-10.680818973919811,-11.739412903227729,-12.795050365507796,-13.84736142779366,-14.89594584185661,-15.940366973297932,-16.98014431594531,-18.014744131348262,-19.043567568342894,-20.065935340283,-21.081067611186832,-22.088057068645877,-23.085832064115568,-24.07310484807617,-25.048296663881036,-26.009425424240554,-26.953929829753193,-27.87837870872339,-28.77795618647452,-29.645460871297235,-30.46908410061551,-31.226330959381315,-31.85916080476138,-33.1357776335425,-34.40970832294753,-35.680809579574884,-36.94892931028006,-38.213905584211396,-39.4755654331936,-40.73372345767823,-41.98818019728354,-43.238720214276576,-44.48510982432635,-45.727094390226526,-46.964395069251474,-48.19670487074849,-49.423683833596,-50.64495306741239,-51.860087307874984,-53.06860550106148,-54.26995873162972,-55.4635145074272
-1.27415320031406,-2.5481503546773276,-3.82167838452799,-5.094421229809683,-6.366057788632301,-7.636259744474283,-8.904689228783644,-10.170996259011785,-11.434815881019475,-12.695764929480825,-13.95343829899607,-15.207404590093928,-16.45720095520943,-17.702326915694915,-18.942236845394376,-20.176330709245992,-21.403942491118734,-22.624325518671753,-23.83663355363389,-25.03989599490545,-26.232984720172507,-27.414568754985684,-28.583050704627038,-29.73647492300555,-30.872390078834865,-31.98763444889161,-33.077982064943065,-34.13751802935126,-35.1574291434233,-36.12333333976856,-37.008024974353134,-37.74213092282603,-39.26842139218596,-40.79128702091255,-42.31054584585421,-43.82600480122542,-45.337458411211855,-46.844687279315536,-48.34745633329311,-49.84551277427053,-51.33858366525689,-52.826373076727556,-54.30855868364169,-55.78478767696251,-57.25467181019515,-58.71778134281491,-60.17363756044526,-61.621703435078985,-63.061371819980025,-64.491950325011,-65.91264164264214
-1.4309415309839177,-2.8617000598154374,-4.291908433794509,-5.7211960300840845,-7.149186358001304,-8.575494530901489,-9.999724547218257,-11.421466311184673,-12.840292310946207,-14.255753854096474,-15.667376736530631,-17.074656187604724,-18.477050889523724,-19.87397580664185,-21.264793473415953,-22.648803266602574,-24.025228010009734,-25.39319700015474,-26.751724151914935,-28.0996793663858,-29.435750282959763,-30.75839005027018,-32.06574417959718,-33.35554503309984,-34.624954185470706,-35.87031664371729,-37.08675673771136,-38.267466735186666,-39.40233440647596,-40.47492568718404,-41.454335719288984,-42.2625111024675,-43.983500479154266,-45.70042399615428,-47.41306630562517,-49.12119898765639,-50.82457901339572,-52.522946969639115,-54.21602499667679,-55.90351437917919,-57.5850927142896,-59.260410560583495,-60.92908744434215,-62.59070706306497,-64.24481147651666,-65.89089400726071,-67.52839047711896,-69.15666827035724,-70.77501251832003,-72.38260841116261,-73.97851820669528
-1.560649671644684,-3.1210923156445673,-4.68091258602777,-6.239691236826151,-7.79700242766972,-9.352410883323882,-10.905468839509581,-12.455712697258125,-14.002659293754617,-15.545801677903446,-17.08460425193935,-18.618497103736434,-20.1468693042742,-21.669060875440252,-23.184353036636573,-24.69195620176751,-26.190995001287767,-27.680489315510297,-29.15932987381646,-30.626246313378356,-32.07976455092543,-33.51814863358881,-34.93931939819536,-36.34073729874081,-37.71922761886559,-39.070708445544604,-40.38974435355224,-41.668762703788985,-42.896546319414746,-44.054932231905134,-45.10994020435036,-45.9764506941433,-47.85916184975372,-49.73722744427237,-51.61040203411777,-53.47842534007736,-55.34102050579695,-57.19789208642359,-59.04872371295968,-60.89317536434814,-62.73088016171242,-64.56144057608,-66.38442391028782,-68.19935687468002,-70.00571902041268,-71.80293471739249,-73.59036325664366,-75.36728650473272,-77.13289331810421,-78.88625960147309,-80.62632240709799
-1.672180818243019,-3.344132599991903,-5.0153958526599665,-6.685506794222344,-8.353994390088419,-10.020377229862804,-11.68416016985539,-13.34483065617898,-15.001854627655595,-16.65467187622004,-18.302690713137938,-19.945281749349075,-21.58177054351606,-23.211428795860034,-24.83346366053655,-26.447004600324146,-28.051086993265706,-29.644631387433527,-31.22641683146219,-32.795045991529776,-34.34889863858084,-35.886068263357764,-37.404273510850366,-38.90073076194931,-40.371964337300234,-41.81351160575494,-43.2194400948735,-44.581501515248675,-45.8875091503154,-47.11779616297531,-48.2357392738368,-49.150257129378005,-51.17236692700543,-53.18929475694594,-55.2007673794636,-57.2064950983035,-59.206169831908284,-61.199462886276294,-63.186022369369844,-65.16547017206712,-67.13739842127391,-69.101365285391,-71.05688997863548,-73.00344676553838,-74.94045770562975,-76.86728379399986,-78.78321403575389,-80.68745182552729,-82.57909776244401,-84.45712767657109,-86.32036411003384
-1.7705450167728716,-3.5408404807681912,-5.310385747804321,-7.078675524711306,-8.845196658178972,-10.609424750632119,-12.370820523070543,-14.128825832942887,-15.882859238310576,-17.632310976385305,-19.376537192926886,-21.11485321596989,-22.846525608525397,-24.57076265380638,-26.286702813453147,-27.99340053940631,-29.68980859051436,-31.374755669168,-33.046917691779996,-34.704780240248766,-36.34658853771046,-37.97027934306884,-39.57338589089392,-41.15290129356952,-42.7050753493725,-44.2250993311939,-45.706590757338695,-47.14069267300022,-48.514350395280495,-49.80656165568092,-50.97838195826059,-51.9335797088093,-54.07880637871429,-56.218347608479114,-58.351904093288574,-60.47915855731579,-62.599773650739024,-64.71338952201465,-66.81962100011437,-68.9180543052592,-71.00824318567722,-73.08970435036866,-75.16191203136975,-77.22429146010933,-79.27621097613259,-81.31697239531132,-83.34579913754426,-85.36182143384258,-87.36405767298949,-89.35139056612579,-91.32253623390437
-1.858862341697573,-3.7174557766432117,-5.575240841371024,-7.431673087133733,-9.28619963683687,-11.13825555707741,-12.987259959740445,-14.832611734960892,-16.67368479934783,-18.509822718692067,-20.34033253074308,-22.16447754786752,-23.981468856842337,-25.790455146830283,-27.59051037646231,-29.380618621262393,-31.15965519909428,-32.92636281530587,-34.67932093801896,-36.416905802543795,-38.137237170934185,-39.838105914069,-41.51687303542337,-43.17032473818571,-44.79445711416068,-46.384142625280056,-47.93258587594831,-49.430374076856005,-50.86366461380852,-52.21025214417377,-53.429122332320205,-54.41951917848306,-56.67536809271763,-58.925054474067295,-61.168254324445826,-63.404624243763884,-65.63379916311024,-67.85538972850543,-70.0689792650971,-72.27412023432498,-74.47033007407315,-76.65708628232595,-78.83382056577649,-80.9999118225184,-83.15467765703232,-85.2973640282649,-87.42713249584419,-89.54304433727118,-91.64404053199503,-93.72891620146693,-95.7962874835954
-1.9392179946274275,-3.878148668526475,-5.816215625156533,-7.752837165189972,-9.687422624552362,-11.619368516411955,-13.548054386446527,-15.472838277348426,-17.393051679603175,-19.307993819508365,-21.216925099881042,-23.11905946058422,-25.013555359997827,-26.89950498765236,-28.77592119163928,-30.641721425676444,-32.4957077643347,-34.33654166046045,-36.162711560470655,-37.97249064099018,-39.763880594619586,-41.534535234642924,-43.28165407761487,-45.00182976853886,-46.690821697381075,-48.343205821071194,-49.95180416659944,-51.506691300719424,-52.99330201452992,-54.3883355891422,-55.64891108036718,-56.67024763173249,-59.02676988471976,-61.376674454676504,-63.71961377928963,-66.0552195313141,-68.38310019645338,-70.70283827854286,-73.01398705736896,-75.31606680602926,-77.60856035082784,-79.89090782537941,-82.16250042913802,-84.42267294507899,-86.67069469608964,-88.905758516432,-91.12696717093036,-93.33331645121025,-95.52367388558636,-97.69675156953105,-99.85107097925716
-2.0130801368869595,-4.0258553219336095,-6.037713796420744,-8.048038196960896,-10.056201685477346,-12.061563872622914,-14.063466439143417,-16.061228345650676,-18.054140501396997,-20.041459735277794,-22.022401875016875,-23.99613368980659,-25.961763382470387,-27.91832922194955,-29.864785774313024,-31.799987003395035,-33.722665243973715,-35.63140465893613,-37.52460720860187,-39.40044827084548,-41.25681765765725,-43.09123952524917,-44.90076091611896,-46.681792126531924,-48.42987013192199,-50.13929313394243,-51.80252608152265,-53.40916717391232,-54.94398338046171,-56.38266855559223,-57.68064373851511,-58.729512411586725,-61.17856085386982,-63.62055524508588,-66.05512541528256,-68.48187912377075,-70.90039948894041,-73.31024202331862,-75.71093119492716,-78.10195641654953,-80.48276733929777,-82.85276829384615,-85.2113116790132,-87.55769003893236,-89.89112649092384,-92.2107630576241,-94.51564630584767,-96.80470948104931,-99.07675001895485,-101.33040086523748,-103.5640933587691
-2.0815248162781885,-4.162727717145075,-6.242962921182501,-8.321578753722159,-10.397913577988119,-12.471291509725681,-14.5410178152585,-16.6063738782449,-18.666611599643094,-20.720947066815295,-22.768553288787775,-24.808551741791675,-26.840002397018694,-28.86189180319779,-30.873118658414416,-32.87247611073536,-34.85862974805187,-36.830089830357295,-38.78517571139544,-40.72196947269356,-42.63825434730973,-44.531431179072634,-46.39840226924783,-48.235405189047356,-50.03776677103856,-51.799523568133345,-53.51280534744187,-55.166765055244866,-56.74554870935758,-58.22392139258606,-59.55574879343913,-60.62936071384412,-63.16411499908072,-65.69139530466462,-68.21080968221385,-70.72194285587622,-73.22435351035709,-75.71757116318591,-78.20109253823105,-80.67437733706704,-83.13684327834707,-85.58786024071516,-88.02674329901734,-90.4527443823687,-92.86504219981174,-95.26272996574609,-97.64480029937145,-100.0101264492352,-102.35743867318055,-104.68529413387235,-106.99203796620438
-2.145366240101029,-4.290394181551496,-6.434405184712662,-8.576714439651456,-10.7166267064527,-12.853431829551855,-14.986399921695707,-17.11477609787305,-19.237774617960145,-21.354572267103716,-23.46430076241011,-25.566037919542858,-27.658797237842,-29.741515459448838,-31.813037514519788,-33.87209806251151,-35.917298550164865,-37.947078285001176,-39.95967739552561,-41.953088593584525,-43.92499315999577,-45.87267416655711,-47.79289592954036,-49.68173170687462,-51.53430891646485,-53.34441654062241,-55.103868289447114,-56.80139899126202,-58.42057447809703,-59.93529743681349,-61.29800085041785,-62.394031258470335,-65.0086793420058,-67.61544816349662,-70.21392472826874,-72.80367150040286,-75.38422355451941,-77.9550852917393,-80.51572663298576,-83.06557858148342,-85.60402801869837,-88.13041156184278,-90.6440082633292,-93.14403086876598,-95.62961526380353,-98.09980762191222,-100.55354860083438,-102.9896537034154,-105.4067885851812,-107.80343760289871,-110.17786316810182
-2.2052366837571085,-4.410119198380116,-6.613937074883385,-8.815973407112264,-11.01550040828461,-13.21177473252119,-15.404032452841424,-17.59148357127382,-19.773305914343677,-21.948638236401006,-24.116572311344544,-26.276143736378952,-28.42632109382218,-30.565993010280827,-32.69395250422168,-34.80887780408725,-36.909308520213834,-38.99361561836469,-41.05996299521187,-43.10625747079328,-45.130082473566425,-47.128608214976204,-49.09846701796079,-51.0355752883192,-52.93487054425756,-54.78990667755354,-56.592198277458046,-58.330086039577175,-59.98659153568587,-61.53481327667136,-62.92585832897344,-64.04233983899947,-66.73185580729442,-69.41310046759152,-72.08564043515806,-74.74901660844115,-77.40274118958294,-80.04629424989668,-82.67911974980967,-85.30062090061388,-87.91015472665607,-90.50702564906192,-93.09047786250012,-95.65968621026147,-98.21374517339684,-100.75165546704766,-103.27230756677615,-105.7744612473672,-108.2567198715491,-110.71749766120631,-113.15497742893713
-2.261637829296535,-4.522906078297295,-6.783063370316847,-9.041361633710792,-11.29704148095546,-13.549327344076348,-15.797422253954347,-18.040502134679475,-20.27770946098761,-22.50814609499663,-24.730865075178436,-26.944861071741418,-29.149059142497364,-31.34230131322712,-33.523330353673366,-35.69076990504608,-37.843099807104025,-39.978625024680845,-42.095435907507486,-44.19135650434157,-46.263876071109735,-48.31005636850698,-50.32640310607066,-52.30868253649299,-54.25165081839058,-56.14863794596673,-57.99087455685161,-59.766328650855066,-61.4575095430382,-63.036763178141165,-64.45396467279461,-65.5892111048474,-68.34919511247693,-71.10052786916368,-73.842756195705,-76.57540005492106,-79.29794944541514,-82.00986082185399,-84.71055294778357,-87.3994020640185,-90.07573622589685,-92.73882862381363,-95.38788965011314,-98.02205740688976,-100.64038625666028,-103.24183289114322,-105.82523921744183,-108.38931111282565,-110.93259174337025,-113.45342762123946,-115.94992479793376
-2.3149750327814895,-4.629565490447678,-6.942999924011465,-9.254499939946328,-11.563275407507158,-13.868519414116461,-16.169402852564833,-18.46506850690992,-20.754624480114842,-23.037136773681468,-25.311620784953853,-27.577031427261826,-29.83225149563058,-32.07607778755177,-34.307204331095505,-36.524201851415015,-38.725492290485,-40.90931673476954,-43.07369442215348,-45.21636946091965,-47.33474027320494,-49.42576417014766,-51.48582512923195,-53.51054532655154,-55.494507303124315,-57.4308272922565,-59.310465695771875,-61.12103715428275,-62.84456749312274,-64.45269624665026,-65.89414999792078,-67.04670051166009,-69.87326031073509,-72.69080008999737,-75.4988474220148,-78.29690191157867,-81.0844319668503,-83.86087107930018,-86.62561351511923,-89.37800929703464,-92.11735832473164,-94.84290344193492,-97.55382220521932,-100.24921703891974,-102.9281033650421,-105.5893951664769,-108.23188726060627,-110.85423330501501,-113.45491819087387,-116.03222294452624,-118.58417945917209
-2.3655809422894265,-4.73076269590599,-7.094744504561547,-9.456718425340682,-11.815864369469194,-14.171344883192559,-16.522299548886913,-18.867838869179817,-21.207037472340858,-23.538926443498966,-25.862484540429673,-28.176627990498186,-30.480198480681935,-32.77194883636893,-35.05052572332524,-37.31444848035714,-39.56208286609089,-41.79160803192297,-44.00097433357179,-46.187848531051195,-48.34954127007504,-50.48290907587145,-52.5842186622824,-54.6489536885698,-56.67153015606567,-58.64485979288179,-60.55964526596476,-62.40316543455762,-64.15698868845757,-65.79208973853162,-67.2561212405732,-68.42469839579542,-71.31435962134488,-74.1946424582043,-77.06505573615877,-79.92507923626087,-82.77416034319523,-85.61171018936989,-88.43709919022261,-91.24965184575134,-94.04864065161115,-96.83327892176996,-99.6027122701674,-102.35600842607147,-105.09214495963913,-107.8099943599391,-110.50830572152555,-113.18568203343884,-115.8405516888053,-118.47113228455858,-121.07538396241318
-2.4137322268625936,-4.827051003759462,-7.239126973910734,-9.649123358719098,-12.05619083678024,-14.45946215535175,-16.858046350919018,-19.251022437693813,-21.637432397722495,-24.016273271705018,-26.386488102640385,-28.74695542068904,-31.096476870877922,-33.43376246620986,-35.757412783572335,-38.06589718764972,-40.35752683650327,-42.63042074055363,-44.88246243180793,-47.11124371501146,-49.31399028147864,-51.487461251280735,-53.62781019619567,-55.730387383391076,-57.78944879202531,-59.797710155552444,-61.74562787722653,-63.62016111967389,-65.40244458693793,-67.06282587595241,-68.54795087206318,-69.7314285099709,-72.68106539374114,-75.62097526547124,-78.55064868342347,-81.4695461029223,-84.3770944135079,-87.27268295136915,-90.1556588834876,-93.0253218347482,-95.88091759671676,-98.72163071429225,-101.54657569041225,-104.35478647429956,-107.14520379797993,-109.91665978811159,-112.66785908932867,-115.3973554666675,-118.10352246997098,-120.7845161817744,-123.43822723333275
-2.459661708308411,-4.9188960333871625,-7.376845676137247,-9.832645686850261,-12.285418186908904,-14.734266815577723,-17.17827077517139,-19.61647832964863,-22.04789958590995,-24.471498351670704,-26.88618281568087,-29.29079473084807,-31.684096692060297,-34.0647569787519,-36.431331263432995,-38.78224025018069,-41.11574196853233,-43.429896956343825,-45.722523835921635,-47.9911416814028,-50.23289385246383,-52.44444520474523,-54.62183999459453,-56.76029985100397,-58.85392676965306,-60.8952483617616,-62.87448535457248,-64.77829201613253,-66.58739113420013,-68.27153757380485,-69.77643123887434,-70.97380945544387,-73.9805903960317,-76.97730488632382,-79.96342565532439,-82.93839429988273,-85.90161770998488,-88.85246395345787,-91.79025751358883,-94.71427374731985,-97.62373239827984,-100.51778995533623,-103.39553058991518,-106.25595532880975,-109.09796901600747,-111.92036447612996,-114.72180309683887,-117.50079077288746,-120.25564776140189,-122.98447042464231,-125.6850819823939
-2.5035673416589073,-5.006693674398466,-7.508494373923669,-10.008076942512727,-12.504535577561947,-14.9969454581182,-17.484356619459536,-19.96578726712871,-22.440216355471605,-24.90657521953394,-27.36373800000843,-29.810510534292536,-32.24561729606163,-34.66768584145801,-37.075228047708045,-39.46661718799788,-41.84005954124965,-44.19355873417988,-46.52487027024336,-48.83144257382792,-51.11033912517251,-53.3581334503074,-55.570764063182,-57.74332838893591,-59.86978006482907,-61.94246589984881,-63.95138076672352,-65.88288772740513,-67.71731770374993,-69.42386432726242,-70.94733681481306,-72.1577221629523,-75.21906632278427,-78.27001329380582,-81.31001839317443,-84.33850480016476,-87.35485987275571,-90.35843090831206,-93.34852023905164,-96.32437952651524,-99.28520308505156,-102.23012001971966,-105.15818490524286,-108.06836665437582,-110.95953511855922,-113.830444819726,-116.67971501273517,-119.50580499754459,-122.30698319922327,-125.081287949367,-127.82647703222479
-2.545618984003654,-5.0907836235587824,-7.634582551350145,-10.17609630943028,-12.71439176851138,-15.248516258392371,-17.77749127647208,-20.300305622245805,-22.815907778773322,-25.32319732515254,-27.821015113860465,-30.308131878842268,-32.78323484777156,-35.2449118051778,-37.691631877562436,-40.12172206513536,-42.53333819334464,-44.92442844725276,-47.29268689628425,-49.63549327189981,-51.94983347967034,-54.232192472452475,-56.47840637460957,-58.68345256356969,-60.84114158238627,-62.94364627493402,-64.98074481016415,-66.93852175679645,-68.79693471556024,-70.52464506242343,-72.06562184100738,-73.28821145853533,-76.40175369352376,-79.50457627636058,-82.59611750826438,-85.67578256904501,-88.7429397279772,-91.7969159839699,-94.8369920230239,-97.86239635389309,-100.87229844789248,-103.86580066320565,-106.84192867400735,-109.7996200447923,-112.73771048263501,-115.65491715319196,-118.54981824295069,-121.42082766450471,-124.266163393176,-127.08380732825104,-129.87145368669943
-2.585963578675539,-5.171459752593688,-7.755550963610857,-10.337291351044719,-12.915721025398362,-15.48986004660395,-18.058701970737882,-20.621206809725667,-23.17629322111379,-25.722829707311302,-28.259624552566745,-30.78541415668047,-33.298849330279324,-35.79847898745113,-38.2827304928429,-40.74988566956338,-43.198051116837675,-45.625120967868185,-48.02872945079736,-50.40618945304846,-52.75441148172369,-55.06979451702057,-57.348075453584805,-59.58411553298333,-61.77158715070789,-63.90249559689101,-65.96641089527108,-67.94915097244625,-69.83031732380286,-71.5780658282577,-73.13557168037951,-74.36964041342311,-77.53320260034509,-80.68573057221685,-83.82664599146435,-86.95533643666745,-90.0711515105647,-93.1733983630485,-96.2613365145521,-99.33417183757574,-102.39104951839681,-105.43104577448395,-108.45315804189336,-111.45629326543204,-114.43925381464176,-117.4007203989972,-120.3392311487029,-123.25315573669285,-126.1406630019688,-128.99967992947344,-131.8278389420954
-2.6247291829093364,-5.248978163065025,-7.871783717781607,-10.492174114955082,-13.10916324471541,-15.721744449207558,-18.32888391155932,-20.92951344529657,-23.522522497517848,-26.10674914077691,-28.680969776564883,-31.243887202793,-33.79411660187099,-36.33016887475666,-38.85043056469623,-41.35313935955842,-43.836353798650784,-46.29791528349372,-48.73539971310581,-51.14605488509109,-53.52671797125471,-55.8737044422567,-58.182654952480185,-60.44831830322968,-62.66423340738652,-64.82224403442753,-66.91172009471809,-68.91822395715603,-70.82101704631913,-72.58777453498166,-74.16092039737315,-75.40581024234861,-78.6173775885443,-81.8176037238301,-85.00589403249371,-88.18161887265761,-91.34410958412953,-94.49265389740904,-97.62649062676152,-100.74480350206662,-103.8467139577494,-106.9312726496875,-109.99744940860062,-113.04412125544484,-116.0700579926467,-119.0739047327499,-122.05416051554097,-125.00915186916824,-127.93699974869719,-130.83557767131023,-133.70245795442787
-2.6620281373974377,-5.3235635251353015,-7.983617779749431,-10.64119380626561,-13.29527979111072,-15.94484288697549,-18.588822447893296,-21.22612265265392,-23.855604326236577,-26.476075729925604,-29.08628203783654,-31.684893145921706,-34.27048936216277,-36.84154439335437,-39.396404859411376,-41.93326530746877,-44.45013732970024,-46.9448108548719,-49.41480489398616,-51.857303825398134,-54.26907344869159,-56.64634806615209,-58.98467492973565,-61.27869390326117,-63.52181483029644,-65.70572565430149,-67.81960373244883,-69.8487662738374,-71.77214961034538,-73.55697124491637,-75.14494328171445,-76.40005464527326,-79.6577559281795,-82.90381627258077,-86.13762513068647,-89.35853600548852,-92.56586236105643,-95.75887292060402,-98.93678623284549,-102.09876435842959,-105.24390549117642,-108.37123528057984,-111.47969655856107,-114.56813708906043,-117.63529484550943,-120.67978016650082,-123.70005392615843,-126.69440055565327,-129.66089432401614,-132.59735666341504,-135.50130139861128
-2.6979595896441464,-5.395414124000124,-8.091350542892787,-10.784746877123654,-13.474566105824712,-16.159749699791316,-18.83921070636019,-21.511826210920116,-24.17642898124335,-26.831798061176404,-29.47664802645394,-32.10961654262665,-34.72924976624935,-37.33398499518851,-39.92212978675965,-42.491836500087956,-45.04107084568923,-47.5675724842582,-50.06880491683138,-52.54189069868098,-54.983526131003536,-57.38986657988566,-59.756368596891164,-62.07756643806593,-64.34674506469226,-66.55544198415055,-68.69264913570144,-70.74344834826086,-72.68646488910585,-74.48848005469554,-76.09053050590323,-77.35531490698285,-80.6574058492391,-83.9475631241804,-87.22516058500392,-90.48953523115301,-93.73998302355159,-96.97575407465627,-100.1960470915434,-103.4000029210164,-106.58669700802089,-109.75513052958642,-112.90421990199843,-116.03278427316124,-119.13953049680602,-122.22303492813909,-125.28172116358046,-128.3138325429323,-131.31739779815055,-134.29018760167554,-137.22965883004855
-2.7326115241129103,-5.464705919960646,-8.195245917411809,-10.923185144190347,-13.647461850726296,-16.366992315208737,-19.08066378179989,-21.787326764171887,-24.48578651718369,-27.174793439264768,-29.853032113496017,-32.51910862154156,-35.17153566432673,-37.80871488618112,-40.42891560947006,-43.0302489209495,-45.61063567288773,-48.16776641425858,-50.699050457876,-53.2015500655042,-55.67189383372984,-58.10616032661937,-60.4997179750047,-62.84699860060884,-65.14116626482405,-67.37361315301766,-69.53315253696826,-71.60464008530397,-73.56640317025482,-75.38480692829702,-77.00024638466448,-78.27420031261231,-81.61904948528061,-84.95167901612997,-88.27144748077906,-91.57767571440637,-94.86964253432399,-98.14657982482922,-101.4076668603379,-104.65202371309255,-107.87870355343527,-111.0866836007968,-114.27485441805148,-117.4420071548659,-120.58681822869048,-123.70783077277194,-126.80343196065758,-129.87182500833038,-132.91099421540983,-135.9186607678751,-138.89222607646573
-2.7660624113123897,-5.53159584641562,-8.295539276684787,-11.056822382455012,-13.814359148307583,-16.567041132969166,-19.313730264263338,-22.05325098845093,-24.784381573525984,-27.50584432520828,-30.21629441903124,-32.91430697707157,-35.59836191626022,-38.26682595623768,-40.9179309825976,-43.54974769227442,-46.160153065087385,-48.746789651333536,-51.30701384678322,-53.83782908932952,-56.33579799249976,-58.79692436390581,-61.21649098241625,-63.58883026701865,-65.90698917556374,-68.16221943442835,-70.34316204805565,-72.43445523561377,-74.41414086449979,-76.24818667602075,-77.87637751110479,-79.15903721951413,-82.54511400314392,-85.91869170178654,-89.27911392445074,-92.62568567027495,-95.95766896075511,-99.2742778221076,-102.57467249164274,-105.85795269185503,-109.1231497770557,-112.36921750680088,-115.59502113392728,-118.79932440676994,-121.98077396657,-125.13788045971211,-128.26899546171884,-131.37228299779736,-134.4456839997995,-137.48687139316573,-140.4931925486962
-2.7983825591647054,-5.59622451245052,-8.392441510635143,-11.185939728638271,-13.975609334077797,-16.76031762503033,-19.538901684999566,-22.31016038170083,-25.07284550609283,-27.82565180671192,-30.567205618289673,-33.29605170781229,-36.01063785828707,-38.709296569789046,-41.3902230629345,-44.051448497702594,-46.69080693345886,-49.3058939958625,-51.8940143891731,-54.45211414281521,-56.97669154330236,-59.463677606812055,-61.9082718280178,-64.30471012532698,-66.64592597943208,-68.92303529123271,-71.12451287775306,-73.23478775458155,-75.23162796421087,-77.08062145367573,-78.7209722029423,-80.01190926751896,-83.43777350293139,-86.85086553719846,-90.2505143142296,-93.63600931535888,-97.00659610346274,-100.36147120545296,-103.69977620497237,-107.02059088651376,-110.32292523275059,-113.60571002559601,-116.86778573417067,-120.10788928346633,-123.32463817741798,-126.5165112867393,-129.68182538650825,-132.81870621276212,-135.92505235748976,-138.99848966821955,-142.03631284985872
-2.8296352293792415,-5.65871843546364,-8.486142374244492,-11.310790144980517,-14.131528534765236,-16.94720102706354,-19.756620319866073,-22.55856017743448,-25.35174640904329,-28.134846726222047,-30.906459173226825,-33.665098748721476,-36.409181732528154,-39.13700708897877,-41.84673412177596,-44.536355280061905,-47.20366262421813,-49.84620589400334,-52.461239286291836,-55.04565278812942,-57.59588195536394,-60.107786904195976,-62.57648612044927,-64.99612180547724,-67.3595174332421,-69.6576575019752,-71.87885642727055,-74.00734184074781,-76.0206189902196,-77.88391256866072,-79.53587308993087,-80.83469059525423,-84.29898363293088,-87.75023749226253,-91.18776674498713,-94.61084566380981,-98.0187036805745,-101.41052017141936,-104.78541843877372,-108.14245872902777,-111.48063008474851,-114.79884077837603,-118.09590700614582,-121.37053943049025,-124.62132703766513,-127.84671761210274,-131.04499390110817,-134.21424422438724,-137.3523258283575,-140.4568186254965,-143.52496598118813
-2.8598775665861145,-5.719191899332139,-8.576813274447872,-11.43160213435843,-14.282402310939245,-17.12803390765254,-19.96728568395664,-22.79890676341553,-25.621597455995094,-28.433998942626605,-31.234681512674367,-34.02213096731038,-36.7947326965063,-39.550752793465875,-42.288315371604945,-45.005374971136476,-47.69968254723831,-50.368742960411836,-53.00976104653895,-55.619572071335284,-58.194550401682186,-60.730487077778335,-63.222421767004725,-65.6644056280062,-68.04915545476906,-70.3675285714862,-72.60768450754415,-74.75365693804638,-76.78269875009697,-78.65968695312058,-80.32274423645869,-81.62907348425843,-85.13051039995356,-88.61864712530864,-92.09278414500011,-95.55218082403111,-98.99605078205425,-102.42355658364262,-105.8338036124712,-109.22583296594397,-112.59861316634134,-115.95103043198738,-119.28187718293584,-122.58983836413535,-125.8734750461662,-129.13120459660658,-132.36127648481542,-135.56174246057438,-138.73041938808268,-141.86484235096,-144.96220465739665
-2.8891613769763502,-5.777748511608022,-8.664609605631881,-11.54858285366066,-14.428489547665059,-17.30312683545115,-20.1712599743022,-23.031613898752767,-25.88286389016417,-28.72362509288259,-31.55244056367714,-34.367767462675715,-37.167960887605,-39.95125470776694,-42.715738553473926,-45.4593298359129,-48.17973927361662,-50.8744278251713,-53.540552077329885,-56.17489385421373,-58.77376782520147,-61.33289771630819,-63.84724648851019,-66.31077683122007,-68.71610205236018,-71.05395635114174,-73.31234963571274,-75.475128690203,-77.51930392613649,-79.40941935077987,-81.08309387190742,-82.39659152478595,-85.93395431425432,-89.45776170547533,-92.96730037402803,-96.46181507060511,-99.94050391352225,-103.40251298648386,-106.84693010774339,-110.27277760498659,-113.67900388932539,-117.06447356860845,-120.4279557704802,-123.76811025308655,-127.08347075716475,-130.37242488452,-133.63318955536184,-136.86378077158076,-140.0619759499285,-143.22526641742493,-146.3507966665731
-2.9175337850057543,-5.834482516854924,-8.749672719391041,-11.66192073960662,-14.570025735881625,-17.472762315467172,-20.36887266025366,-23.257057957414723,-26.135968919876976,-29.00419513821633,-31.86025294688553,-34.702571408389865,-37.529475911548644,-40.33916873318736,-43.12970570999548,-45.89896788396012,-48.64462658246355,-51.36409981266243,-54.05449699232154,-56.71254774566289,-59.33450848967007,-61.9160373405262,-64.45202259226996,-66.93634094504223,-69.36150529137487,-71.71813058796184,-73.99408215469057,-76.1730266153098,-78.23174128430264,-80.13445103075635,-81.81829356225033,-83.13863915330325,-86.71077075427719,-90.26909740329968,-93.81289223826441,-97.34138568203944,-100.85376065514099,-104.34914708330426,-107.82661556433395,-111.28517002644159,-114.72373916887786,-118.14116642190731,-121.53619809266233,-124.90746926993232,-128.25348693555443,-131.57260955972433,-134.86302222287327,-138.12270597847996,-141.34939970412555,-144.54055201097947,-147.69325977939857
-2.9450377905586094,-5.889479910915474,-8.832131595718334,-11.771787736558046,-14.70722575640839,-17.63719812871196,-20.560424378091422,-23.475582376981077,-26.381298720504365,-29.276137918131887,-32.15859008137308,-35.027056706694474,-37.87983404435844,-40.715093395730406,-43.53085747718168,-46.324971702940836,-49.09506883356591,-51.83852485056291,-54.552403053598155,-57.233382073533434,-59.8776614771359,-62.480835421793394,-65.03771950664692,-67.54210683554919,-69.98641284163713,-72.36113696655435,-74.65400475925438,-76.84850910288995,-78.9212031246809,-80.83600566617214,-82.52959447651742,-83.85648822823272,-87.46228724546549,-91.05403727139779,-94.63099817162495,-98.19238632132911,-101.73736974004186,-105.26506251126594,-108.77451834964944,-112.26472314588065,-115.73458627763495,-119.18293042059231,-122.60847952233155,-126.0098445075252,-129.38550615630152,-132.73379442576032,-136.05286324792618,-139.34065950641096,-142.59488442326838,-145.8129449052219,-148.9918913886126
-2.971712744285517,-5.942819391535927,-8.91210426876311,-11.878341197153224,-14.840286255093654,-17.79667018139312,-20.746190253681696,-23.687501454066812,-26.619206701837683,-29.539845888796822,-32.4478833929559,-35.341693665534706,-38.219544376729296,-41.07957645627828,-43.919780158709294,-46.737965995040625,-49.531728963836926,-52.298403923925065,-55.035009080697925,-57.73817324559688,-60.404040497464415,-63.028142636308,-65.60522447556988,-68.12899783466462,-70.59178353631954,-72.98396909000327,-75.2931448900972,-77.5026362098497,-79.58878046423767,-81.51520288203506,-83.21814126509595,-84.55130217111554,-88.18971820223871,-91.81384658623153,-95.42293417622253,-99.01618357399745,-102.59274818872485,-106.15172657081395,-109.69215588197284,-113.21300432967524,-116.7131623519891,-120.19143228388118,-123.64651616423016,-127.07700124754128,-130.4813426566873,-133.8578424396674,-137.20462405474436,-140.51960097472133,-143.80043762679864,-147.04450019725283,-150.24879381342242
-2.99759475523803,-5.994573173591781,-8.989699049516501,-11.98172551223252,-14.969387679670701,-17.951394948299644,-20.92642275189429,-23.893103599177973,-26.85001716768515,-29.795679186573892,-32.72852878074001,-35.64691386708062,-38.54907408335254,-41.43312057940149,-44.297011792745955,-47.13852404017014,-49.95521534506337,-52.7443803254228,-55.50299309107099,-58.227633777644826,-60.914392301180044,-63.55873965939746,-66.15535173050638,-68.69786128544598,-71.17849728540841,-73.58753875535207,-75.91244536373992,-78.13638063512278,-80.23547434318283,-82.17306987457397,-83.88498396200515,-85.22414809344887,-88.89417757090352,-92.54968600621065,-96.1899074947288,-99.81403113373325,-103.42119600693141,-107.01048543468532,-110.58092034944522,-114.13145162271852,-117.66095112724427,-121.16820126270207,-124.65188260076475,-128.1105592092496,-131.54266108639752,-134.94646296159684,-138.3200584784086,-141.66132843969788,-144.96790131701275,-148.237103534523,-151.46589601452922
-3.0227170421429803,-6.044807691598964,-9.065015579446774,-12.08207351540932,-15.094696034998462,-18.10157157836746,-21.101354132066824,-24.09265414156388,-27.074028469513255,-30.043969129760132,-33.00089046616844,-35.943114363187995,-38.868852963783574,-41.77618821850457,-44.66304738011212,-47.52717326573462,-50.366087693710725,-53.17704590343671,-55.956978884479675,-58.702419211998134,-61.409403929595115,-64.07334474444,-66.68885039493782,-69.24947676835903,-71.74736361935861,-74.1726848093309,-76.51277353378008,-78.75063717805605,-80.86220556921008,-82.81055142504879,-84.5310882421552,-85.87600724671233,-89.57668972509931,-93.26262291179334,-96.93302839432282,-100.58708202933508,-104.22390885468396,-107.84257725809168,-111.44209226038402,-115.0213877378122,-118.57931736493998,-122.11464400375336,-125.62602719152434,-129.11200828312792,-132.57099267378294,-136.00122835216317,-139.4007797916308,-142.76749584896717,-146.09896985914753,-149.39248941849502,-152.64497231906202
-3.0471102374902093,-6.093584207856964,-9.138145742600685,-12.179507698966896,-15.216364402524636,-18.247383717411413,-21.271198573637925,-24.28639775731113,-27.291515736485128,-30.285021249973184,-33.265304325074595,-36.23066130734733,-39.17927737341832,-42.10920584485667,-45.018343410277616,-47.90440006838192,-50.764862187067294,-53.59694647108057,-56.39754174321327,-59.16313410700745,-61.889708991449325,-64.57262028420432,-67.20641132760383,-69.7845632231842,-72.29912908584188,-74.74018081535215,-77.09492922245428,-79.34623092725217,-81.46982315379232,-83.42851856928382,-85.15734430129712,-86.50778406853931,-90.23819889814379,-93.95364122334057,-97.65332036935169,-101.33639921143651,-105.00198901629186,-108.64914353117726,-112.27685217731616,-115.88403217034622,-119.46951934719283,-123.03205742246206,-126.57028532374434,-130.08272215764856,-133.5677492277037,-137.02358834799483,-140.44827545256035,-143.8396281599962,-147.1952054688866,-150.51225705932148,-153.7876586404235
-3.070802651901532,-6.1409593411587755,-9.209174458570237,-12.274141270941081,-15.33453426128572,-18.389001092785048,-21.43615402414837,-24.47456058030467,-27.502733248934284,-30.519117927621313,-33.52208078455868,-36.509893112299004,-39.48071364109519,-42.43256762433752,-45.36332179630967,-48.27065400610096,-51.152015911319694,-54.004586508943305,-56.82521338802959,-59.61033724454724,-62.355893120097,-65.05717851561718,-67.70867307242752,-70.30378514128707,-72.83448368104574,-75.29074171984263,-77.65965161705552,-79.9239243807109,-82.0591116474483,-84.02777613559647,-85.7645745765885,-87.12031404722254,-90.87957738376856,-94.62364993749975,-98.35172901274798,-102.06296475830844,-105.75645493985309,-109.43123895149517,-113.08629092166231,-116.72051173437889,-120.33271974331196,-123.9216398992207,-127.48589093719339,-131.02397017178063,-134.53423531654298,-138.01488256607811,-141.4639199331908,-144.8791344911969,-148.25805168468762,-151.59788416779242,-154.89546658810679
-3.093820504897355,-6.186985528299774,-9.278180374670638,-12.366079077844814,-15.449336641005475,-18.52658089662904,-21.596403812362738,-24.657352044891052,-27.707916510180652,-30.746520692423193,-33.77150735169871,-36.78112320635478,-39.77350105237364,-42.746638626940566,-45.69837330978162,-48.626351457622135,-51.5279907444251,-54.40043327029407,-57.240486304418155,-60.044546175905026,-62.80849873740604,-65.52758649983464,-68.19622705265029,-70.8077579713678,-73.3540664641455,-75.82502967195003,-78.20762529054555,-80.48442366177072,-82.63079754345657,-84.60906932531053,-86.3535404862643,-87.71437058652732,-91.5016326948475,-95.27349057933685,-99.02912976102557,-102.76768791314852,-106.48824956623513,-110.18984004404318,-113.87141848415392,-117.53186976272224,-121.16999509879666,-124.78450105649483,-128.3739865885381,-131.93692766570365,-135.4716589043,-138.9763514241929,-142.44898592302596,-145.88731960762522,-149.2888451342198,-152.65073900110505,-155.9697957912602
-3.116188127099585,-6.231711428462313,-9.345236472442723,-12.45541841318148,-15.560893132468543,-18.660268997909686,-21.752118061731185,-24.834966500474152,-27.90728406192096,-30.967472239201225,-34.0138508292994,-37.044642448595816,-40.05795446361113,-43.05175763908978,-46.023860590615385,-48.97187882898809,-51.893196758520766,-54.78492037833695,-57.64381753358784,-60.46624120525286,-63.248029228302485,-65.98437048625561,-68.66962212247289,-71.29705285658825,-73.85847047738658,-76.34365912352247,-78.73948547762978,-81.02838396636955,-83.18555488963496,-85.173089479355,-86.92494833545325,-88.29067102071802,-92.10511383631663,-95.90394373269824,-99.68633468160715,-103.45141212787144,-107.19824762879645,-110.92585271635463,-114.63317183469965,-118.31907417095479,-121.98234415282884,-125.62167032908782,-129.23563227362786,-132.822685054312,-136.3811406744599,-139.90914571423386,-143.40465415087232,-146.86539399018938,-150.28882584984743,-153.67209092338305,-157.01194470288763
-3.1379281380442094,-6.2751822788222835,-9.410410600997556,-12.542249728433958,-15.669316776022034,-18.790201008261892,-21.903454933362365,-25.007584631364647,-28.101039080657713,-31.182198200547003,-34.24935926440251,-37.300721252784456,-40.33436660077719,-43.348239636796556,-46.340120793955876,-49.30759537344791,-52.24801521205928,-55.158450989717515,-58.035632006371344,-60.87586889285581,-63.674952612047896,-66.42801975046262,-69.12936857004503,-71.7722008007318,-74.34824707319088,-76.84720131447068,-79.25582271502306,-81.55641435387567,-83.72401022383144,-85.72047914980907,-87.47945450993085,-88.8498819039556,-92.69071682166322,-96.51573478339137,-100.32409844227432,-104.11492125838257,-107.88726207401317,-111.64011890398064,-115.37242179219676,-119.08302455100521,-122.77069515503862,-126.43410450346187,-130.0718131887059,-133.6822558096069,-137.26372223281086,-140.8143350246442,-144.332022026022,-147.81448269464843,-151.2591463444346,-154.6631196971912,-158.0231201058743
-3.1590616030781162,-6.317440208326402,-9.473765947625095,-12.626657260422402,-15.774712845566507,-18.916503222463042,-22.050561722794363,-25.175374709625455,-28.289370786358187,-31.390908710992587,-34.47826366762641,-37.54961146148254,-40.603010087912104,-43.63637796796752,-46.647467925778756,-49.63383567975188,-52.592801190106535,-55.521400586060366,-58.41632548514712,-61.273845146417756,-64.0897047819234,-66.85898998100892,-69.57594164993542,-72.23369634470195,-74.8239097327236,-77.33618823102661,-79.75718693643361,-82.0690819749491,-84.2467469294135,-86.25183657535771,-88.0176700592111,-89.39262367743568,-93.25908954070508,-97.10953898724952,-100.94312357914228,-104.7589450320663,-108.55604972806216,-112.33342243572571,-116.08997908795138,-119.82455843226198,-123.5359123237787,-127.22269437262045,-130.88344658130825,-134.51658350698253,-138.12037334844533,-141.69291517541413,-145.232111266478,-148.7356331722354,-152.20087962347017,-155.62492368618817,-159.0044455051027
-3.1796081722470135,-6.358524515453655,-9.535361454385834,-12.708719586653638,-15.877179542561011,-19.039293450961182,-22.193575830882327,-25.338493704122676,-28.472455689438714,-31.59379979166262,-34.700779535182946,-37.79154800508986,-40.86413924280074,-43.91644628428076,-46.946194910485396,-49.95091187492537,-52.927885941692146,-55.87411944522318,-58.786267168243945,-61.66055795778969,-64.49269237328525,-67.27770627773165,-70.00978471044922,-72.68200082138303,-75.28593744656278,-77.81111611011606,-80.24409109800449,-82.56691581462667,-84.75430909131477,-86.76771964345528,-88.54016475381293,-89.91947480074424,-93.81083606878272,-97.68598595684271,-101.5440651605542,-105.38416388851,-109.20531631400115,-113.00649422688892,-116.7865997345634,-120.54445682566023,-124.2788015649451,-127.9882706291665,-131.67138781703164,-135.32654806514242,-138.9519983662264,-142.54581480245668,-146.10587465455325,-149.62982219574062,-153.11502628083684,-156.55852711971377,-159.95696855990877
-3.1995862036176765,-6.398471914847076,-9.595252188013859,-12.788510118431416,-15.976808612250247,-19.15868175910203,-22.33262562588059,-25.49708826528948,-28.650458698007125,-31.79105457976071,-34.91710820033992,-38.026750374979436,-41.11799167143935,-44.18870025660181,-47.23657542684059,-50.25911558025124,-53.253578955304405,-56.21693483570977,-59.14580200260644,-62.03636983313966,-64.88429531039318,-67.68456581427519,-70.43131197073687,-73.11754524603904,-75.7347777168493,-78.27244855138758,-80.71701439787418,-83.05041001635601,-85.24720492035222,-87.26864940879263,-89.04747068800869,-90.43097542011553,-94.34652049311693,-98.24566364565017,-102.12753492876826,-105.99121327838867,-109.83572090751612,-113.66001689152068,-117.46298979431874,-121.24344914781403,-125.00011555143047,-128.73160909963232,-132.43643576826844,-136.11297128873684,-139.7594419027922,-143.37390120640674,-146.95420203785037,-150.49796201201153,-154.00252080211695,-157.4648865461247,-160.88166768659897
-3.219012873097053,-6.437316756940656,-9.653489669317644,-12.866097539974335,-16.073685892419622,-19.274771125417363,-22.467831211136126,-25.651295602071034,-28.82353410387903,-31.982844423449176,-35.12743803692689,-38.255423935360746,-41.364789687953746,-44.453379102617866,-47.518865542944106,-50.558719653156245,-53.57016980721999,-56.5501529709165,-59.495252743368326,-62.40161995718972,-65.2648690745613,-68.07994020930083,-70.8409109940775,-73.54073289051999,-76.17084923104579,-78.72061928885414,-81.17640514360318,-83.52002684246705,-85.72590980298149,-87.75511322682365,-89.54008548825503,-90.92763063495205,-94.86667032028453,-98.78912189623605,-102.69410498856344,-106.58068749221583,-110.44787990551671,-114.29462885054491,-118.11980962650259,-121.9222176071653,-125.70055824773254,-129.45343540714867,-133.17933761451238,-136.87662180585474,-140.54349392075332,-144.17798556301054,-147.77792567529232,-151.34090582303207,-154.86423718008004,-158.34489658199422,-161.77945794060065
-3.2379042724966536,-6.47509122407811,-9.710122167323048,-12.941546200532605,-16.167891803414665,-19.38765802945486,-22.5993051106149,-25.801244265010784,-28.991826463064005,-32.169329859550324,-35.33194553404071,-38.47776109475068,-41.6047415825671,-44.71070695100137,-47.79330517625375,-50.84997974271809,-53.877929812076204,-56.87406075430173,-59.834921793095205,-62.75662612594266,-65.63474672970185,-68.4641776440872,-71.23894489665899,-73.95194158219516,-76.5945442498,-79.15603466619272,-81.6226833130292,-83.97619931812095,-86.1908690249535,-88.22756755216123,-90.01847517834,-91.40991341462129,-95.37177951902854,-99.3168756088422,-103.24431110137128,-107.15314307975754,-111.04237057056132,-114.9109280009089,-118.75767768097138,-122.5814011216581,-126.38078895139184,-130.15442913628664,-133.90079313022332,-137.61821947850547,-141.30489426135915,-144.9588275775139,-148.5778250127374,-152.1594526822312,-155.70099393110877,-159.1993950480294,-162.651196271185
-3.2562754973302983,-6.511825506099438,-9.765194962621841,-13.014916465453576,-16.25950178686022,-19.497432978068815,-22.72715288266248,-25.947054847359393,-29.15547138408028,-32.35066148890233,-35.53079625825471,-38.69394235482339,-41.8380427568511,-44.96089406279442,-48.06011940080333,-51.133135682382736,-54.17711350071458,-57.188927341939085,-60.165092848580585,-63.10168647719579,-65.99424073596259,-68.83760475861285,-71.62575432532248,-74.35152576244231,-77.00623074508322,-79.57907585319208,-82.05624284733317,-84.419333598776,-86.64250021012327,-88.68644044423907,-90.48307674468322,-91.87826720979903,-95.86231124454768,-99.82940757841506,-103.77865563482021,-107.70910191186185,-111.61973420472656,-115.50947500123412,-119.37717389531161,-123.22159882711608,-127.04142591228151,-130.83522756293542,-134.6014585249484,-138.338439352617,-142.04433670398265,-145.7171396532168,-149.35463096015624,-152.95435187980138,-156.51355858813895,-160.0291675690674,-163.49768622790162
-3.274140725616494,-6.5475479579377,-9.818750583738879,-13.086265031279174,-16.34858669943156,-19.60418097779151,-22.851473670885053,-26.08884061435676,-29.31459623551042,-32.52698076204165,-35.72414571726006,-38.90413725182073,-42.06487674269188,-45.204137927690724,-48.31951962053328,-51.408412740045186,-54.46795994667892,-57.49500554506061,-60.48603237901743,-63.43708104387184,-66.3436445776859,-69.20052835353678,-72.00165923286356,-74.73981833444729,-77.406254319505,-79.99010083537688,-82.4774537094484,-84.84981109537759,-87.08119550965357,-89.13213381646136,-90.93430043889973,-92.33310829617979,-96.33870028369029,-100.32717104109366,-104.29761021031786,-108.24905392892487,-112.18047899873501,-116.09079622137097,-119.97884274457368,-123.84337322689355,-127.6830495818985,-131.49642900293955,-135.28194989099353,-139.03791520441007,-142.7624726108437,-146.45359063416842,-150.10902973189403,-153.7263068800927,-157.3026517347153,-160.83495170428185,-164.3196821863757
-3.2915132887754246,-6.58228524140585,-9.870829019787323,-13.15564520923356,-16.435213167123838,-19.707981959818795,-22.97236069976991,-26.226708069390202,-29.46932078258327,-32.6984206860771,-35.91214013688193,-39.10850520354056,-42.28541611905922,-45.44062425037165,-48.57170462495413,-51.67602274277343,-54.75069395970162,-57.79253309197269,-60.79799095597058,-63.763073151627964,-66.68323422817853,-69.55323692158537,-72.3669604754073,-75.11713232582824,-77.7949399333014,-80.38944620427284,-82.88666373622449,-85.26799038660486,-87.50732357183377,-89.56502545989967,-91.37253184944818,-92.77482788298205,-96.80135525485721,-100.81059196533812,-104.80161808522348,-108.77345961391575,-112.7250825956307,-116.65538639651157,-120.56319598559695,-124.44725302617472,-128.30620553738498,-132.13859582557583,-135.9428463060725,-139.71724273191847,-143.45991420708012,-147.16880917344608,-150.84166630279046,-154.47597886517923,-158.0689506355776,-161.61744066432493,-165.11789315149838
-3.308405735558319,-6.616062453049069,-9.92146791222466,-13.223107180850604,-16.519443904705565,-19.808911163230647,-23.089901721600317,-26.360757464516396,-29.619757761200713,-32.86510646210355,-36.09491716174538,-39.30719627310241,-42.49982333870059,-45.6705278399364,-48.81686154109836,-51.93616509104245,-55.02552716195273,-58.08173376602148,-61.10120445272394,-64.07991067920788,-67.01326947064179,-69.8960020285717,-72.72194125295096,-75.48376238803627,-78.17259346179488,-80.77742877194258,-83.28420030879029,-85.67420894341217,-87.92123131851557,-89.98547086826088,-91.79813376974151,-93.20379401414813,-97.25066059169993,-101.28007111796867,-105.29109630106267,-109.28275222259234,-113.25399440281168,-117.20371102084519,-121.1307151320828,-125.03373568824763,-128.91140711877387,-132.76225717152752,-136.58469263175223,-140.3769824336315,-144.1372375392953,-147.86338677129692,-151.55314752558172,-155.20398993116228,-158.81309251147732,-162.377286664236,-165.8929861879656
-3.32482988981868,-6.64890323968146,-9.970702728137557,-13.288698228977884,-16.60133800440094,-19.907039481298835,-23.204179420322983,-26.49108326181031,-29.766013396676197,-33.02715606122389,-36.27260648845982,-39.50035185915748,-42.70825147522251,-45.89401341368229,-49.05516669380661,-52.1890276753112,-55.29265896066763,-58.36281843400294,-61.39589512817205,-64.38782719747618,-67.333995091964,-70.22907956150642,-73.0668684112831,-75.83998615148191,-78.53950310300556,-81.1543470301906,-83.6703718622183,-86.06878468765179,-88.32324555061216,-90.39380488719581,-92.21144788635434,-93.62035328632138,-97.68697833572134,-101.73598593124676,-105.76643762493715,-109.7773397990805,-113.7676376816107,-117.73620851096267,-121.6818536916357,-125.60328974498404,-129.49913781269822,-133.36791140960145,-137.20800204294258,-141.01766221050661,-144.79498514982814,-148.5378805213807,-152.2440449488121,-155.91092597742374,-159.53567749941928,-163.11510395428715,-166.64558952130682
-3.340796902826299,-6.6808299030088945,-10.018566917157933,-13.352462946959898,-16.680951197303365,-20.002433775083016,-23.31527177726785,-26.617774551137988,-29.908187873477754,-33.18468074616683,-36.44533043900251,-39.68810532091445,-42.91084489962003,-46.11123632498231,-49.286786384779795,-52.43478770605556,-55.55227742894449,-58.63598597748319,-61.68227260839236,-64.68704300093714,-67.6456419638395,-70.55271085891965,-73.40199362104755,-76.18606545279738,-78.89594065245697,-81.52048247210286,-84.04546925276507,-86.45201740364595,-88.71367440209954,-90.79034320792698,-92.61279630779384,-94.02483240445527,-98.11064975952262,-102.17869219362801,-106.22801230764551,-110.25760700121637,-114.26641143970512,-118.25329216517187,-122.21703919181262,-126.15635688944171,-130.06985341135504,-133.95602836185077,-137.81325831896305,-141.63977972275185,-145.43366849900775,-149.19281559823796,-152.91489736923734,-156.59733932366606,-160.2372713340155,-163.83147156529992,-167.37629534678018
-3.3563173007328477,-6.711863494555498,-10.065092053836262,-13.41444342843459,-16.758336090562022,-20.095157157964298,-23.423252402975354,-26.740915429213853,-30.04637576144062,-33.337785544568646,-36.613204480971085,-39.87058254525154,-43.10773989412301,-46.32234322372552,-49.51187759945688,-52.67361246690872,-55.80456010495229,-58.90142413785606,-61.96053477730778,-64.9777660437265,-67.9484280237765,-70.86712373652584,-73.72755444764802,-76.52224744848779,-79.2421626599786,-81.87610079126364,-84.40976699856006,-86.82419001909582,-89.09280865940434,-91.17538372254828,-93.00248295161109,-94.41753959316753,-98.52199683958176,-102.6085255838444,-106.67616967894176,-110.72391675684746,-114.75069214831927,-118.75535194145215,-122.73667501867264,-126.69335387484325,-130.6239839717378,-134.52705132287545,-138.40091792271443,-142.24380452865952,-146.05377016342686,-149.82868751476505,-153.56621314824758,-157.2637510850094,-160.91840778096102,-164.52693580017868,-168.08566237861146
-3.3714010277193065,-6.742023901954294,-10.110307967062683,-13.474679439863639,-16.833542382991272,-20.185269254294816,-23.528190838838103,-26.86058534417681,-30.180666403210264,-33.48656967920514,-36.77633770051561,-40.04790246224798,-43.29906521021395,-46.52747265669446,-49.73058864961035,-52.90565999931667,-56.049674718469994,-59.1593102845689,-62.23086858637788,-65.26019279051879,-68.242559166937,-71.17253341967091,-74.04377532392371,-76.84876562738724,-79.57841148140075,-82.22145297201654,-84.76352440757091,-87.18556976960434,-89.4609229608868,-91.54920775611338,-93.38079480533813,-94.79876587961631,-98.92132359501448,-103.02580306543894,-107.11123959772682,-111.17661176955762,-115.22083530335311,-119.2427560738499,-123.24114208829492,-127.21467424106395,-131.161935596933,-135.08139889575702,-138.97141189107086,-142.83018002926374,-146.65574583466062,-150.4459641747766,-154.19847231803982,-157.91065333152346,-161.57959084965427,-165.20201249932504,-168.77421816787964
-3.386057485288397,-6.771329927528209,-10.154242857925068,-13.533208577648267,-16.906617061417034,-20.272826434939393,-23.63015283179421,-26.9768594093831,-30.311144267073598,-33.6311269597907,-36.93483323302492,-40.22017751466658,-43.48494257680426,-46.726755614320304,-49.94305975855207,-53.13107972605184,-56.287779852548354,-59.409812114753926,-62.4934507919996,-65.5345089914712,-68.5282300583669,-71.46914339255308,-74.35086843601685,-77.16584073276489,-79.90491623640476,-82.55677628244395,-85.10698660492281,-87.53640925928279,-89.81827688926708,-91.91208118871755,-93.74800307477777,-95.16878626167959,-99.3089173066879,-103.43082415671108,-107.5335337727178,-111.61601588994675,-115.67717684715271,-119.71585254461385,-123.73080036914577,-127.72068988709033,-131.68409205852205,-135.61946666424674,-139.5251475566883,-143.39932523959266,-147.24002613977476,-151.0450877425694,-154.81212850002325,-158.53851105524416,-162.22129680857606,-165.85718910410844,-169.44246121378254
-3.400295568107649,-6.799799359972737,-10.196923407220812,-13.59006641145264,-16.977604579787094,-20.35788203214077,-23.729200584907915,-27.08980868965495,-30.437889268820182,-33.77154614038802,-37.088788656011786,-40.387514086231704,-43.66548716381213,-46.92031602945675,-50.14942359498687,-53.3500130200166,-56.519025547118545,-59.65308829148016,-62.7484486282206,-65.80089038919316,-68.80562487398815,-71.75714617296897,-74.64903453155912,-77.47368160357958,-80.221893682394,-82.88229518029128,-85.4403854701511,-87.876947428364,-90.16511596824783,-92.26425547913777,-94.10436423149265,-95.5278607735068,-99.68504962927211,-103.8238720891738,-107.94334696721111,-112.04243536659511,-116.12003446556542,-120.17497042722466,-124.20599027096016,-128.21175250562425,-132.19081627677102,-136.1416287183967,-140.06251011892365,-143.95163640471313,-147.80701830232314,-151.62647634868839,-155.40761065515656,-159.14776396486977,-162.84397602411576,-166.4929265395732,-170.0908628899517
-3.414123696759231,-6.827449039852444,-10.238374873690478,-13.645286615158751,-17.04654702282484,-20.440486535843053,-23.825392986326843,-27.199500462828627,-30.560977065830627,-33.9079112459787,-37.23829634809943,-40.55001289295662,-43.84080800574637,-47.108271233125556,-50.34980576081436,-53.562593723983554,-56.74355385053937,-59.88928902696038,-62.99602042144076,-66.05950336475581,-69.0749179777036,-72.03672402026903,-74.93846365819172,-77.77248594322423,-80.52954901304888,-83.19822214081549,-85.76394049367701,-88.20741043741391,-90.50167257321601,-92.60596860018822,-94.45012096989763,-95.8762354590412,-100.04997760728229,-104.20521486602787,-108.34095809989687,-112.45615998912099,-116.54970877313883,-120.62042111362778,-124.66703391389518,-128.68819489403728,-132.68245167325995,-136.6482390487305,-140.58386407940546,-144.4874884765516,-148.35710766025926,-152.1905256487588,-155.98532468351868,-159.73882812587516,-163.44805464101768,-167.10966093498757,-170.71986920485236
-3.4275498477100315,-6.854294919538231,-10.278621183913627,-13.698901086706309,-17.11348425579273,-20.5206877733524,-23.918785818807127,-27.30599845910485,-30.68047932620647,-34.040301871319656,-37.38344381754405,-40.70776934126384,-44.01100838934765,-47.29073237159295,-50.54432523754428,-53.76894862624265,-56.96149932435654,-60.11855661628862,-63.23631615297753,-66.31050552891509,-69.33627454108405,-72.30804958328505,-75.21933583947202,-78.06244102310023,-80.8280765891893,-83.50475841446051,-86.07785956068221,-88.52801247658249,-90.82816676472005,-92.93744589472821,-94.78550308311011,-96.21414326283836,-100.40394460483651,-104.57510623077802,-108.72663125224807,-112.85746413425314,-116.96648439778201,-121.05249943738401,-125.11423629006507,-129.15033215417978,-133.15932340884916,-137.13963282224327,-141.08955455593727,-145.00723646556216,-148.8906590552218,-152.73761025023217,-156.54565488834737,-160.3120974616624,-164.03393612044871,-167.70780519861637,-171.3299024130285
-3.440581580778504,-6.880352118138425,-10.317685014696233,-13.750940057923286,-17.178454061747438,-20.598531073992515,-24.009431951739547,-27.409363080409857,-30.796463975424334,-34.16879345484212,-37.52431400332365,-40.86087385620159,-44.176186208862745,-47.4678047886231,-50.733094795441744,-53.96919789654061,-57.17298950592714,-60.34102592662776,-63.469477974679364,-66.55404626399601,-69.5898511113465,-72.5712864941982,-75.49182169439193,-78.34372432750042,-81.11766060867339,-83.80209472133427,-86.38233966959763,-88.83895650734463,-91.14480705239899,-93.25890086021207,-95.11072826563917,-96.54180484641192,-100.74718115771337,-104.93378655492718,-109.10061659177249,-113.24660772455718,-117.37063097487882,-121.47148470307755,-125.54788632814684,-129.5984627920817,-133.62173951836715,-137.61612755196256,-141.57990848681033,-145.51121667966285,-149.40801810595815,-153.26808502015203,-157.0889653179917,-160.867945129533,-164.6020026498103,-168.28775046117659,-171.9213624919871
-3.453226064342827,-6.9056349719126855,-10.355587868683147,-13.801432195324889,-17.241492267508285,-20.674059420220626,-24.097381517385767,-27.509651601719387,-30.908995422709506,-34.2934575300308,-37.66098555147264,-41.00941218267697,-44.33643429211236,-47.639588376309206,-50.91622136904182,-54.16345548618978,-57.37814533302337,-60.556824846196626,-63.69564068217115,-66.79026722125462,-69.83579613267072,-72.8265899136232,-75.75608300601039,-78.61650414552753,-81.39847572128095,-84.09041188865332,-86.67756759158608,-89.14043494331732,-91.45179109614915,-93.57053586875425,-95.42600285005614,-96.8594293373821,-101.07990575529776,-105.28148365264967,-109.46315121933962,-113.62383710833899,-117.76240405968649,-121.87764163112412,-125.96825787050795,-130.03286972730464,-134.06999195208672,-138.07802417044266,-142.05523573620405,-145.99974786142351,-149.9095123771736,-153.78228628552966,-157.61560099767047,-161.4067247836749,-165.15261643678664,-168.84986740076542,-172.49462849780684
-3.4654900985070687,-6.9301570806021475,-10.392350143845627,-13.850404692747444,-17.302632859422022,-20.747313586502955,-24.182682072839683,-27.6069183560761,-31.018134769074535,-34.41436195644349,-37.79353306903647,-41.15346566229384,-44.49184070015396,-47.80617789749599,-51.093806402258664,-54.35182949578259,-57.5770815340613,-60.76607469691139,-63.91493214979358,-67.01930277798581,-70.07425042532735,-73.07410703158526,-76.01227324407759,-78.88094011512429,-81.6706875938534,-84.3698814366201,-86.96372047667244,-89.43263027599096,-91.74930635054349,-93.87254282889171,-95.73152248397822,-97.16721501787531,-101.40232555914,-105.61841352944478,-109.81445994786051,-113.98938586827892,-118.1420459658486,-122.27122122608328,-126.375610571234,-130.45382122059675,-134.504357532914,-138.52560801638927,-142.51583011014256,-146.47313223324383,-150.3954524538136,-154.28053293660594,-158.12588906158038,-161.92877173597304,-165.68612089870376,-169.3945074605991,-173.050059811072
-3.4773801364177284,-6.953931350060501,-10.427991197420951,-13.897883356586467,-17.361908089885095,-20.818332267102825,-24.265378749058595,-27.701214904836597,-31.123939998750252,-34.531571132289216,-37.922027357755006,-41.29311148809394,-44.64248900302723,-47.96766328246973,-51.26594616595342,-54.53442251356285,-57.76990698719253,-60.96889061410431,-64.12747373084427,-67.24128045816794,-70.30534762659013,-73.31397752854255,-76.26053804598244,-79.13718372372344,-81.93445343037318,-84.64066611758673,-87.24096641154303,-89.71571565055987,-92.03753065784502,-94.1651037945325,-96.02747275298735,-97.4653499579012,-101.71463706410124,-105.94478107099003,-110.15475601878516,-114.3434755655064,-118.50978653697652,-122.65246157567258,-126.77019072249777,-130.86157172753457,-134.92509883721664,-138.95914974258258,-142.96197029141567,-146.93165645917,-150.86613292966737,-154.7631274421261,-158.62013979471794,-162.43440402424608,-166.20284175703634,-169.92200396963423,-173.58799728343675
-3.4889023039019063,-6.976970031528509,-10.462529404817737,-13.943892684323561,-17.419348575479138,-20.887152193807825,-24.345514388161224,-27.79259019451533,-31.226466155546277,-34.64514619027167,-38.0465356293505,-41.42842293924585,-44.78845853379526,-48.12412990229694,-51.43273205050937,-54.71133192716915,-57.9567250511395,-61.1653818963657,-64.33338062633021,-67.45632132001678,-70.52921459696675,-73.54633400014907,-76.50101565987674,-79.38537876952812,-82.1899224511478,-84.9029204128234,-87.50946493348214,-89.98985539646492,-92.31663279436779,-94.44839152597578,-96.31402975448718,-97.75401259880186,-102.01702670739927,-106.26078067772697,-110.48424176216896,-114.68631642508468,-118.86584385748698,-123.02158858688897,-127.15223201589194,-131.2563626849906,-135.33246500634533,-139.37890615236796,-143.39392070094885,-147.37559253104848,-151.32183331820445,-155.23035678475117,-159.09864759275086,-162.92392339645366,-166.7030880458182,-170.43267317503577,-174.10876429399136
-3.500062417579709,-6.999284757857105,-10.495982213944691,-13.988455936952318,-17.47498338748209,-20.9538082445107,-24.423129670059218,-27.88109070144386,-31.325765505511285,-34.755145178219564,-38.16712170409269,-41.55946959750506,-44.92982462285468,-48.275658820934495,-51.5942508356859,-54.88265021117016,-58.1376338703424,-61.355652328224046,-64.53276222509294,-67.66454031345584,-70.74597179489925,-73.77130234905205,-76.73383735341235,-79.62566178699925,-82.43723633481358,-85.15679099074234,-87.76936750442921,-90.25520551676175,-92.5867729744229,-94.72257000735793,-96.5913606269584,-98.03337229131537,-102.30967143029252,-106.56659685011304,-110.80310920543697,-115.01810796822932,-119.21042490821338,-123.37881666494879,-127.52195624462998,-131.63842323652378,-135.7266924951391,-139.7851209711965,-143.8119322922955,-147.8051985858814,-151.76281889269887,-155.68249332385082,-159.56169184737234,-163.39761621849746,-167.18715304176553,-170.92681519448757,-174.61266772361168
-3.5108660015871855,-7.020886576951745,-10.528366195371719,-14.031595205848424,-17.528840135436315,-21.01833354346125,-24.498263229375315,-27.966760565334237,-31.421887687116957,-34.86162322586278,-38.283846194134824,-41.68631754707323,-45.06665881427712,-48.42232702800714,-51.75058493978077,-55.0484651925543,-58.31272665671193,-61.539800478090044,-64.7257224178628,-67.86604661018862,-70.95573362274895,-73.98900214666672,-76.9591277911605,-79.85816243974396,-82.67652962647671,-85.40241713001645,-88.02081794871553,-90.51191413998902,-92.84810331563553,-94.98779492441528,-96.85962403859652,-98.30358979231069,-102.59273919663445,-106.86240472894599,-111.11154063542666,-115.3390395960149,-119.54372617171964,-123.72434934014846,-127.87957395189062,-132.0079709021414,-136.10800576303438,-140.1780255590075,-144.21624328521443,-148.22071966051652,-152.1893414619439,-156.11979559214973,-160.0095377637792,-163.8557543124239,-167.65531512308863,-171.40471489548733,-175.09999885459928
-3.5213183030317827,-7.041785982681881,-10.559697088689132,-14.073331474571445,-17.580945044382897,-21.080759553920082,-24.570951763500407,-28.0496417127201,-31.5148798500605,-34.96463269897019,-38.39676667295707,-41.80902955931361,-45.19902906575875,-48.56420765394897,-51.90181264991622,-55.20886029610761,-58.48209195004015,-61.71791997363423,-64.91235988752884,-68.06094390877612,-71.15860874658425,-74.19954696756095,-77.17700538345899,-80.08300388366331,-82.90793011496031,-85.63993111067009,-88.26395285766375,-90.76012193782354,-93.10076826901941,-95.24421410604378,-97.11897063889641,-98.56481772382332,-102.86638947208432,-107.14837059470376,-111.40970911780853,-115.64929112882542,-119.8659341917268,-124.05837984721143,-128.22528503002613,-132.36521219730645,-136.47661791280623,-140.5578395686345,-144.60707984366823,-148.6223883891604,-152.6016400871985,-156.54250903201972,-160.44243711621712,-164.29859573112262,-168.10783856323596,-171.86664270801893,-175.57103420215307
-3.5314243062895865,-7.061992943474144,-10.589989845392859,-14.113684676035474,-17.63132302630846,-21.14111616386958,-24.641230132553783,-28.1297739711484,-31.604786783667052,-35.06422334193882,-38.50593783211501,-41.92766526362791,-45.326999933590876,-48.701370169028756,-52.048008335075565,-55.36391477141327,-58.645813858908554,-61.890099756542824,-65.09276837767372,-68.24933071687285,-71.3547003920278,-74.40304469880907,-77.38758260914855,-80.30030310292037,-83.1315591818178,-85.86945857589996,-88.49890196390432,-90.99996251146956,-93.34490501684515,-95.49196793277545,-97.36954347637845,-98.8172009976447,-103.13077366736778,-107.42465232943313,-111.69777897755742,-115.94903330536097,-120.17722609060513,-124.38109166121315,-128.55927927486496,-132.71034320556012,-136.8327312814494,-140.92477155488066,-144.9846567030245,-149.0104256486341,-152.99994174542076,-156.9508666766104,-160.86062894692122,-164.726385474984,-168.544974265168,-172.31285537633326,-176.0260362835372
-3.541188746242506,-7.081516928785504,-10.619258668589946,-14.152673745440916,-17.679997746294706,-21.199431765370107,-24.70913145193237,-28.20719517490533,-31.691651035773138,-35.16044240981265,-38.61141162636871,-42.04228130566717,-45.45063274392055,-48.83388056762456,-52.18924264335185,-55.51370390302948,-58.80397228374532,-62.05642431839827,-65.26703694121436,-68.43130061255545,-71.5441066181904,-74.59959782643415,-77.59096631440835,-80.51017122102958,-83.34753212450248,-86.09111886710326,-88.72578848797134,-91.23156274942768,-93.58064384102823,-95.73118971497317,-97.61147838532533,-99.06087720838637,-103.38603554863482,-107.69139984436096,-111.97590624377469,-116.23842824462612,-120.47777004848217,-124.69265899375962,-128.88173689890934,-133.043550108684,-137.17653798724825,-141.279019538436,-145.3491777507572,-149.3850411557909,-153.38446194333093,-157.34508978048112,-161.26434021323644,-165.13935615542107,-168.96696044118687,-172.74359665498352,-176.46525433020977
-3.550616120543584,-7.100366933632778,-10.64751704978893,-14.190316669320152,-17.726991683811445,-21.255733328090248,-24.774687178065566,-28.281941262980656,-31.775513022882837,-35.25333479061034,-38.7132374081587,-42.15293149392979,-45.56998575144122,-48.96180153897393,-52.325582684720736,-55.658299205244006,-58.95664312351544,-62.21697391925334,-65.4352501708016,-68.60694248648147,-71.72692057151222,-74.78930370084208,-77.78725798967636,-80.71271378913367,-83.55595845583944,-86.30502533433852,-88.94472945948048,-91.45504315902139,-93.80810846448645,-95.9620060432609,-97.84490434410662,-99.29597699764291,-103.63231161765245,-107.94875547607866,-112.24423906182479,-116.517629873977,-120.76772574715633,-124.99324725272177,-129.19282900684203,-133.36500967792864,-137.50822043667344,-141.62077152838597,-145.70083656450765,-149.74643402106707,-153.75540528638527,-157.72538840392735,-161.65378638722044,-165.53772860966777,-169.3740232428422,-173.1590979537434,-176.8889249476485
-3.5597107009898727,-7.118551501337364,-10.674777803013345,-14.226630531014633,-17.77232618955011,-21.31004646748728,-24.83792718793102,-28.35404636990494,-31.85641113231016,-35.342943118753944,-38.81146205229972,-42.259666935696075,-45.685114286540845,-49.08519262550527,-52.45709220052117,-55.79776860266611,-59.10389846738152,-62.37182479031303,-65.59748841246937,-68.77634076644449,-71.90323072115294,-74.9722547829638,-77.9765540264447,-80.90803105333161,-83.75694218173594,-86.51128562422544,-89.15583601496489,-91.67051817382462,-94.02741636767517,-96.18453711345869,-98.06994380741544,-99.52262439161957,-103.86973146430039,-108.19685435387059,-112.50291807545895,-116.7867843260012,-121.04724478169214,-125.28301346850279,-129.49271803642063,-133.6748897294871,-137.82795179438486,-141.95020600669122,-146.03981691098517,-150.09479326174474,-154.11296600633887,-158.0919619547771,-162.02917201160315,-165.9217124708257,-169.76637734498348,-173.55957893557564,-177.29727272713762
-3.5684765440744863,-7.136078744628384,-10.701053096453123,-14.261631552869826,-17.81602153815545,-21.362395508066957,-24.898879852831847,-28.4235429100313,-31.93438181695036,-35.42930788031244,-38.90613007167664,-42.3625361631543,-45.7960708918331,-49.20411036974605,-52.58383172070918,-55.93217659779103,-59.24580677253969,-62.52104932199798,-65.75382796387585,-68.93957562573604,-72.07312107740894,-75.14853887265087,-78.15894595554165,-81.09621820273495,-83.95058205887184,-86.71000194709003,-89.3592136742379,-91.87809643891988,-94.23867908228854,-96.3988970280654,-98.28671301450852,-99.74093711435393,-104.09841809359153,-108.4358247404999,-112.75207678133161,-117.04603030672807,-121.31647104228597,-125.56210668951906,-129.78155816753122,-133.97334954707694,-138.13589641929516,-142.2674923776831,-146.36629320884302,-150.430298278153,-154.45732845071362,-158.44499969106383,-162.39069121559834,-166.29150669674348,-170.14422648763048,-173.94524807141042,-177.6905108133627
-3.5769175007824763,-7.15295636523359,-10.726354481847897,-14.295335135406482,-17.85809697717865,-21.412803542110456,-24.957572106887437,-28.490461655778258,-32.00945968326088,-35.51246751070486,-38.997283724651574,-42.46158525049115,-45.90290544890794,-49.31860845070762,-52.7058587098481,-56.06158442656318,-59.38243302931966,-62.66471623854071,-65.90434125834983,-69.09672317658969,-72.23667139449435,-75.31823932072194,-78.33452066835832,-81.27736559977026,-84.13697183394736,-86.90127132498962,-89.5549625969737,-92.07788107573322,-94.44200246392553,-96.60519407613778,-98.49532227534284,-99.95102687845848,-104.31848822922767,-108.66578834854597,-112.99184185808677,-117.29549943742971,-121.57554106874552,-125.83066834932028,-130.05949570190964,-134.26054027422083,-138.43221026936573,-142.57279138532897,-146.68043095836393,-150.75311929572243,-154.7886675371671,-158.78468118765173,-162.73852819372365,-166.64730006096525,-170.5077639789784,-174.3163031551293,-178.0688414312875
-3.5850372256890073,-7.169191672074881,-10.75069292177744,-14.32775589370195,-17.898570772543774,-21.461292484218525,-25.01402951064617,-28.55483181030007,-32.08167757297655,-35.59245848544547,-39.08496311482226,-42.556857922644255,-46.00566529605696,-49.42873781055945,-52.82322770270486,-56.186050202864706,-59.5138389145321,-62.80289076015418,-66.04909703583787,-69.24785564985815,-72.39395735889167,-75.4814352259209,-78.5033606223348,-81.45155899409629,-84.3162004659091,-87.08518582209122,-89.74317782103071,-92.26996992802073,-94.63748694534344,-96.80353099323277,-98.69587623631539,-100.15299965512126,-104.53005259550254,-108.88686063418079,-113.22233347197678,-117.53531657204988,-121.82458437969521,-126.08883260753588,-130.32666941579143,-134.53660527856107,-138.71704127754467,-142.86625550075036,-146.98238714051305,-151.06341777552447,-155.10714917546753,-159.11117676959205,-163.0728576504802,-166.98927160867132,-170.857173162533,-174.6729317818216,-178.43245637545166
-3.5928391854126853,-7.184791598174231,-10.774078815017939,-14.358907691193052,-17.937460250791926,-21.5078831219901,-25.068276310190054,-28.616681075007254,-32.151066639034106,-35.66931540445867,-39.169206283711674,-42.64839565634905,-46.10439533765768,-49.53454677232869,-52.935990430240246,-56.305629052768786,-59.64008293395405,-62.935634753714545,-66.18816050174519,-69.39304156196707,-72.54505076436634,-75.63820161793058,-78.66554403189922,-81.61887972137771,-84.48835233244502,-87.26183275874087,-89.92394948390151,-92.45445579043486,-94.82522777177009,-96.99400520292541,-98.88847412715447,-100.34695592494079,-104.73321617919741,-109.09915107009745,-113.4436655607951,-117.7656000921107,-122.06372377842496,-126.33672666663264,-130.58321088754366,-134.80168049032883,-138.99052970103506,-143.14802928224958,-147.2723105876802,-151.3613467956841,-155.412930659529,-159.42464791473006,-163.39384521347722,-167.31759108026273,-171.19262785109206,-175.0153117920947,-178.78153746453458
-3.600326666471989,-7.199762716365851,-10.796522020107824,-14.3888036710921,-17.97478183834262,-21.552595163122675,-25.120335492066214,-28.676035712319834,-32.21765641613625,-35.74307107044126,-39.250049296914206,-42.73623777405242,-46.19913814583644,-49.636081149292,-53.04419593670666,-56.42037323931785,-59.761220554759,-63.063006872811,-66.32159347456852,-69.53234587008937,-72.69001967463412,-75.78860962747596,-78.82114504593825,-81.77940488803847,-84.65350742191431,-87.43129491043335,-90.09736302854073,-92.63142662096362,-95.00531521960708,-97.17670904127068,-99.07320999036355,-100.53299091102086,-104.92807847295636,-109.30276339913999,-113.65594609773346,-117.98646218076891,-122.29307563711582,-126.57447106627856,-130.82924480213413,-135.05589471688438,-139.25280844587007,-143.41824970988193,-147.55034232820884,-151.64705140582367,-155.70616103172523,-159.72524762784133,-163.70164781734024,-167.63241930498663,-171.51429273002933,-175.34361168495283,-179.11625696375899
-3.607502782588258,-7.2141112539015255,-10.818031877253535,-14.417456285589884,-18.010551097989417,-21.59544727919472,-25.170228834348926,-28.73292060400035,-32.28147488634545,-35.81375656170534,-39.32752632417427,-42.820421531212126,-46.28993405497175,-49.73338434666377,-53.1478906885002,-56.530332278515885,-59.87730432862303,-63.18506268793588,-66.44945452313661,-69.66583011639729,-72.82892857457959,-75.93272664445631,-78.97023391277867,-81.93320754301423,-84.81174151177163,-87.59365069277992,-90.26349939470661,-92.80096573841438,-95.17783479973146,-97.35172996545039,-99.2501728944882,-100.71119479561877,-105.11473370149086,-109.4977958700403,-113.85927733662565,-118.19800907753977,-122.5127501610162,-126.80217995694201,-131.0648892341229,-135.29936993506888,-139.5040033685911,-143.67704649642448,-147.81661590661844,-151.92066895649893,-155.98698142149772,-160.01312078836725,-163.99641406052646,-167.9339085667808,-171.82232373211352,-175.65799100153052,-179.436777977473
-3.6143704814746638,-7.227843106027987,-10.838617228693508,-14.444877323003285,-18.044782762827023,-21.636457146366837,-25.21797695410808,-28.78735930538158,-32.34254854006166,-35.88140129989516,-39.401669713830046,-42.90098219745346,-46.37682124954821,-49.82649745612989,-53.247118675354756,-56.63555304716101,-59.988384006171316,-63.30185480751759,-66.57179909419827,-69.79355256216965,-72.96183851084106,-76.070616464958,-79.11287713356882,-82.08035683742915,-84.96312633444659,-87.7489743334709,-90.4224351968477,-92.96315200600809,-95.34286744649332,-97.51915074773238,-99.41944713236026,-100.88165292152117,-105.29327103183945,-109.68434145653856,-114.05375603990495,-118.40034131506657,-122.7228516339972,-127.01996135420563,-131.29025591070587,-135.53222156294748,-139.7442335566588,-143.92454237642178,-148.0712576812494,-152.18232940540622,-156.25552536008576,-160.28840447362663,-164.27828453697356,-168.2222029443122,-172.116868385885,-175.95860068175168,-179.74325481403017
-3.6209325511470367,-7.2409638486079855,-10.85828643762786,-14.471077933010857,-18.07749076778885,-21.67564148321631,-25.263599351534527,-28.83937409577532,-32.4009024327057,-35.94603311293523,-39.472510062014884,-42.977953132011095,-46.45983584582436,-49.91545934372546,-53.34192150441141,-56.73607988308639,-60.094506643367986,-63.41343299043389,-66.68867963102997,-69.9155683124606,-73.08880722250161,-76.2023394279223,-79.24913760486766,-82.2209181730376,-85.10772973155183,-87.89733603213807,-90.57424288947091,-93.11806000205046,-95.50048969340571,-97.67904965576614,-99.5811124053674,-101.0444459792144,-105.46377476879513,-109.8624880610464,-114.23947369048072,-118.5935539391872,-122.92347864678462,-127.22791737513805,-131.5054504561995,-135.75455871237855,-139.9736115890772,-144.16085337483358,-148.31438710090177,-152.43215560197766,-156.51191907304138,-160.55122825921117,-164.54739214433417,-168.4974386270058,-172.39806613943108,-176.245583395799,-180.03583332489535
-3.6271916257890693,-7.25347874985022,-10.87704740581153,-14.496068650106599,-18.108688278957864,-21.713016085900367,-25.30711445095004,-28.888986025322144,-32.456560237400936,-36.007678293534525,-39.54007627697351,-43.051365853845425,-46.539011967735796,-50.00030673150965,-53.43233848764845,-56.831954678326696,-60.19571670039801,-63.519844250585564,-66.80014568367463,-70.03192943197256,-73.20988926256022,-76.32795254217193,-79.37907475117515,-82.35495334019494,-85.24561579721335,-88.03880210893999,-90.71899092084277,-93.26576017855933,-95.65077383643232,-97.8315006201447,-99.73524399470038,-101.19965018081831,-105.62632453651199,-110.03231870390644,-114.4165166886297,-118.77773671343532,-123.11472430904708,-127.42614445794487,-131.71057261922925,-135.96648442371344,-140.19224377857688,-144.3860890566723,-148.54611696189616,-152.6702635518328,-156.7562817520377,-160.8017144981141,-164.80386237038613,-168.7597442086949,-172.66604866123137,-176.51907385210558,-180.3146512197288
-3.63315019120157,-7.265392781207367,-10.894907589899656,-14.519859415390352,-18.138387720798693,-21.748595860825677,-25.348539638908896,-28.936214958518757,-32.509544293918886,-36.06636165354189,-39.60439563881752,-43.12125010678709,-46.61438181741637,-50.081074273449794,-53.51840672311281,-56.92321696567962,-60.292056133539454,-63.62113295405755,-66.9062440113666,-70.14268505271656,-73.32513611079426,-76.44750960443605,-79.50274464807185,-82.48252064605204,-85.37684501124482,-88.1734351426184,-90.85674387579796,-93.40631900864811,-95.79378808569702,-97.97657339008005,-99.88191292044476,-101.34733742166561,-105.78099544721144,-110.19391169920642,-114.58496653489865,-118.95297430901088,-123.29667644641297,-127.61473356600949,-131.90571648377068,-136.16809588381298,-140.40023039658095,-144.60035275889115,-148.7665536468553,-152.89676266242344,-156.9887258073447,-161.03997858000315,-165.04781355906607,-169.0092409603765,-172.92094011959313,-176.77919908342437,-180.5798383590397
-3.6388105898626835,-7.276710627496084,-10.911874016626086,-14.542459596802624,-18.166600801445686,-21.782394854985714,-25.38789129957964,-28.98107961463826,-32.55987565413117,-36.122106574421764,-39.665493855015825,-43.18763392003197,-46.685975740686345,-50.1577946258899,-53.60016117035469,-57.009903999090625,-60.3835644804804,-63.71734090934784,-67.00701867764961,-70.24788147399268,-73.43459627857125,-76.56106130895668,-79.62020013657532,-82.60367503360655,-85.5014743628235,-88.3012940987075,-90.98756260836045,-93.53979912339305,-95.92959670636522,-98.11433367796212,-100.02118608930583,-101.48757543032924,-105.92785825782535,-110.34734081802073,-114.74489999992568,-119.11934648116213,-123.46941778339284,-127.7937703773349,-132.0909706650887,-136.359484628461,-140.59766588206858,-144.8037418056722,-148.9757973463897,-153.1117559710887,-157.20935710222383,-161.26612917192256,-165.2793571574454,-169.2460430834248,-173.1628574420631,-177.02607871239593,-180.83151702586244
-3.6441750256236265,-7.287436696288094,-10.92795329688859,-14.563878007901925,-18.193338536169538,-21.81442628411299,-25.425184847578375,-29.02359760523914,-32.60757412418783,-36.17493505409447,-39.72339511188862,-43.250543664279526,-46.75382228782445,-50.23049851294464,-53.67763472043026,-57.09205082824961,-60.47027893949303,-63.80850745110022,-67.10251113864689,-70.34756225517299,-73.53831540611614,-76.66865534920606,-79.73149092926613,-82.71846819218598,-85.6195574652649,-88.42243444851523,-91.1115043648181,-93.66625943884654,-96.05826014937904,-98.24484329350219,-100.15312643168367,-101.62042790782728,-106.06697951533751,-110.49267543987183,-114.8963892820046,-119.27692823283489,-123.63302611309499,-127.9633354603058,-132.26641849152554,-136.5407367301566,-140.7846390353489,-144.996347708158,-149.17394226476205,-153.3153403566256,-157.41827517037675,-161.48026844159062,-165.49859794484473,-169.470257944489,-173.39191055607208,-177.25982519789972,-181.0698021777713
-3.649245568062267,-7.2975751266169615,-10.943151638807732,-14.584122925273892,-18.218611269134062,-21.844702558780064,-25.46043475840986,-29.063785468941376,-32.65265830362261,-36.224867750364,-39.77812212235,-43.31000410378144,-46.817948269912925,-50.299214787129856,-53.75085826080546,-57.169690367754335,-60.552234442841325,-63.89466951773906,-67.19276032490326,-70.44176830172836,-73.6363363526961,-76.77033651219783,-79.8366637086869,-82.82694865988681,-85.73114466244114,-88.53690827944145,-91.2286228978351,-93.78575527379947,-96.17983517266774,-98.36816026809925,-100.27779302875246,-101.74595465667083,-106.19842169151768,-110.62998069313527,-115.03950215314481,-119.42578996637046,-123.78757445454373,-128.12350443660907,-132.43213817300412,-136.71193297218022,-140.96123319766858,-145.17825634957862,-149.36107681051035,-153.50760673538366,-157.61557341748556,-161.68249226435785,-165.7056342451806,-169.68198629319673,-173.60820261196108,-177.4805440633663,-181.29480168043762
-3.6540241565148524,-7.30712979704121,-10.957474859820353,-14.603202104653404,-18.242428693544507,-21.873235308570965,-25.493654596658157,-29.10165870363175,-32.695145621567534,-36.27192402113555,-39.82969617012135,-43.36603844454298,-46.8783788110178,-50.363970485511715,-53.819860735462775,-57.24285346116229,-60.629463724763966,-63.97586172336719,-67.27780271717988,-70.53053794489898,-73.7286992801424,-76.86614676583083,-79.93576221847238,-82.9291619184463,-85.8362831273379,-88.64476439714636,-91.33896857213325,-93.89833845884131,-96.29437495339832,-98.48433897000955,-100.39524123013719,-101.86421170035858,-106.32224330767828,-110.75931758504413,-115.17430209430856,-119.56599762396024,-123.93313119833508,-128.2743481320731,-132.58820295703336,-136.87314900974624,-141.12752641749208,-145.34954815663875,-149.53728377292,-153.6886402427991,-157.8013393077848,-161.872890414791,-165.9005581235344,-169.88132246367874,-173.81183018943025,-177.68833410811567,-181.50661652381967
-3.658512603804372,-7.316104333100746,-10.970928397863114,-14.621122795833662,-18.264799870279997,-21.90003540443408,-25.524857042056393,-29.13723179624623,-32.73505237024292,-36.316121961607514,-39.878137150618805,-43.418668378898445,-46.93513739644406,-50.42479088163239,-53.884669200487096,-57.31156894022509,-60.70199738434422,-64.0521164242566,-67.35767241654904,-70.6139070153739,-73.81544173009176,-76.95612533966538,-80.02882734762744,-83.02515048098105,-85.93501695320094,-88.74604842003646,-91.44258846222614,-94.00405743721736,-96.40192919178129,-98.59343021084858,-100.50552276273028,-101.97525139386947,-106.43849905002915,-110.88074312189259,-115.30084842044941,-119.69761281750442,-124.06976024130049,-128.41593271612095,-132.73468127293384,-137.0244555189837,-141.28359160421917,-145.5102982579528,-149.70264048515648,-153.85852040120386,-157.97565453652425,-162.05154674376595,-166.08345556784974,-170.0683545608435,-174.00288348836105,-177.88328760269542,-181.70534102198164
-3.6627125996823926,-7.324502114200227,-10.983517321696516,-14.637891756429434,-18.28573324509389,-21.925112979317003,-25.554053913552888,-29.170518250263417,-32.77239373587355,-36.35747843860509,-39.92346360869827,-43.46791412666095,-46.988245917282626,-50.48169953344555,-53.94530887538021,-57.37586367957137,-60.769863943549275,-64.12346378023075,-67.43240120910382,-70.69190891131022,-73.89659869529436,-77.0403087994947,-80.11589720833153,-83.11495397298634,-86.02738723768167,-88.84080286649265,-91.53952644264486,-94.10295735793649,-96.50254420689826,-98.69548134390467,-100.60868583113798,-102.07912252565247,-106.54723987615094,-110.99431041998065,-115.41919639591544,-119.82069294846023,-124.19752111078598,-128.54831983046557,-132.87163686493378,-137.16591833441677,-141.42949667003288,-145.66057663024267,-149.8572189747941,-154.01732127466556,-158.1385951890993,-162.2185393418664,-166.2544066565758,-170.24316463224008,-174.1814465048719,-178.06549046909907,-181.89106299744202
-3.66662571399957,-7.33232627994982,-10.99524634041513,-14.653515264555407,-18.305236664458416,-21.94847744717501,-25.5812561914804,-29.201530611031032,-32.80718382716827,-36.39600912220809,-39.965692773425964,-43.513794473029364,-47.03772471144665,-50.53471832747443,-54.00180319033185,-57.43576264708097,-60.83308990069659,-64.18993181121054,-67.50201862556965,-70.76457466099383,-73.97220268530424,-77.1187311160422,-80.19700720761445,-83.1986092069551,-86.1134321603543,-88.92906723522701,-91.62982327105581,-94.19508016154268,-96.59626302497723,-98.79053635470193,-100.7047752102046,-102.17587041156862,-106.6485131130624,-111.10006880779511,-115.5293973407319,-119.93529131821387,-124.31646907910037,-128.6715667076205,-132.999128914728,-137.2975985755572,-141.56530466050978,-145.80044823294935,-150.00108610241153,-154.16511161154878,-158.29023188755886,-162.37394068981772,-166.41348571300585,-170.40582882627777,-174.34759719339337,-178.23502244666997,-182.06386395087588
-3.6702533996187343,-7.339579735991148,-11.006119812185654,-14.667999130475126,-18.32331739012277,-21.970137520436094,-25.60647403792539,-29.230280489036083,-32.83943570148712,-36.431728514810715,-40.00484059002576,-43.5563268034176,-47.08359260137636,-50.583867519384896,-54.05417382965303,-57.491288950169675,-60.89169977957989,-64.25154644917025,-67.56655199607714,-70.83193298041395,-74.04228378683806,-77.19142372808302,-80.27219011321482,-83.2761502509409,-86.19318705394191,-89.01087807911745,-91.71351666463163,-94.28046465892318,-96.68312546049977,-98.87863594420702,-100.79383233001869,-102.26553698119692,-106.74236254731062,-111.19806391987372,-115.63149872822838,-120.04145722945894,-124.42665526863296,-128.78572627974447,-133.11721215403617,-137.41955276316216,-141.69107387456302,-145.92997313184588,-150.134303688859,-154.30195497541965,-158.43062992512935,-162.5178177966119,-166.56076144698258,-170.55641753749083,-174.50140761546936,-178.3919572444132,-182.22381921691
-3.673596995083077,-7.346265159333413,-11.016141752250329,-14.681348707270603,-18.339982112447355,-21.99010122599778,-25.62971681538489,-29.256778581218782,-32.86916138880886,-36.464649977738546,-40.040921749141084,-43.59552713535615,-47.125866928574474,-50.62916577114825,-54.10244077155893,-57.542463878183874,-60.94571617446651,-64.30833158572716,-67.626026500332,-70.89401032599974,-74.10686971906195,-77.25841560026183,-80.34147611390496,-83.34760849136012,-86.26668446955772,-89.08626907283833,-91.79064137000445,-94.3591466034936,-96.76316819049036,-98.95981760503992,-100.87589535376921,-102.34816085687807,-106.82882850747473,-111.28833778275914,-115.72554427443272,-120.13923607902007,-124.52812674809562,-128.8908472782902,-133.22593696764636,-137.53183292566013,-141.80685797423715,-146.04920661218733,-150.25692863174856,-154.4279098648609,-158.55984938933855,-162.6502323259227,-166.69629708458663,-170.6949955394802,-174.64294407593076,-178.53636268037835,-182.37099810668906
-3.67665772705076,-7.352385003222438,-11.025315840229771,-14.693568900577924,-18.355236962570707,-22.008375919823546,-25.650993103790118,-29.28103469042066,-32.89637191360036,-36.49478575553556,-40.073949713535335,-43.63141014760126,-47.16456358511869,-50.67063018495115,-54.146622324469554,-57.58930694108463,-60.99515979115644,-64.36030911556603,-67.68046521339419,-70.95083094274142,-74.16598588403998,-77.3197332758508,-80.40489287453671,-83.41301269029833,-86.33395423623713,-89.15527107457261,-91.86122922709701,-94.43115875706435,-96.83642482230209,-99.03411569101083,-100.95099924878174,-102.42377742583207,-106.90794793943358,-111.37092889340785,-115.81157401961198,-120.22866944251597,-124.62092662029812,-128.98697432488154,-133.3253494873827,-137.63448669619737,-141.91270608482142,-146.15819928187807,-150.369013011662,-154.54302982270661,-158.677945274262,-162.77124071134799,-166.82015048635773,-170.8216221060958,-174.77226724701944,-178.66830080870403,-182.50546403781743
-3.679436712506151,-7.357941501562933,-11.03364542675576,-14.70466417742963,-18.369087523460202,-22.024968300200168,-25.67031071596842,-29.303057743048583,-32.921077314679785,-36.522146998023175,-40.10393674234299,-43.66398920657375,-47.19969704228354,-50.708276333994995,-54.18673515998071,-57.631835904583426,-61.040049484275286,-64.40749897588074,-67.72988914725842,-71.00241690789831,-74.21965541255626,-77.3754009246696,-80.46246558603946,-83.47238903756157,-86.39502351501055,-89.21791218206437,-91.92530922709942,-94.49653094966585,-96.90292595518369,-99.10156148027676,-101.01917585103507,-102.49241890565494,-106.97975447471582,-111.44587229038532,-115.88962440230438,-120.30979515121946,-124.70509410182683,-129.0741480138012,-133.41549167739225,-137.72755740071344,-142.0086628857028,-146.2569971650908,-150.4706041885238,-154.64736353515593,-158.7849675823641,-162.88089426096403,-166.93237425454709,-170.93635112137042,-174.88943228098623,-178.78782803486052,-182.6272746522253
-3.681934960756849,-7.362936672912409,-11.041133539461521,-14.714638574240535,-18.381538839892233,-22.03988441971073,-25.687676711607235,-29.322855805027483,-32.94328666315551,-36.54674378022235,-40.13089391297146,-43.6932763902368,-47.23128037638965,-50.742118290311964,-54.22279434264131,-57.670066821874705,-61.08040229095519,-64.44991918199582,-67.7743172884074,-71.04878817047349,-74.26789920549888,-77.42544038636417,-80.51421701057579,-83.52576119768653,-86.44991684773922,-89.27421778324278,-91.98290756483061,-94.55529013357852,-96.96269923588213,-99.1621832323782,-101.08045392342456,-102.55411440346562,-107.04427849221511,-111.51319961814255,-115.95972832614929,-120.38264736143302,-124.78066459495747,-129.15240498643192,-133.49640141110558,-137.81108413741163,-142.09476869233626,-146.34564178672622,-150.56174488853907,-154.740954921178,-158.88096141635785,-162.97923925162686,-167.03301582984662,-171.03923117866233,-174.9944889116305,-178.8949952195693,-182.73648192244912
-3.6841533752247093,-7.367372324063054,-11.047782888354021,-14.723495703969727,-18.392595427402863,-22.053129695972608,-25.70309740977773,-29.34043609610762,-32.96300807851466,-36.56858512022065,-40.15483114074369,-43.719282509510606,-47.25932529198671,-50.77216864971181,-54.25481335665919,-57.70401406209528,-61.11623346104174,-64.48758585931397,-67.81376663149199,-71.0899625866174,-74.31073597097608,-77.46987120922229,-80.56016752204059,-83.5731503521028,-86.49865620091485,-89.32421060162513,-92.03404768569955,-94.6074604317901,-97.01576940850939,-99.21600623939135,-101.13485920801321,-102.60888996894812,-107.10154717352621,-111.57293918463928,-116.02191521979097,-120.44725661666573,-124.84766975209806,-129.22177799795776,-133.56811254018797,-137.88510184795155,-142.17105952967003,-146.4241702480615,-150.64247328205556,-154.82384321257686,-158.9659670614617,-163.06631701340956,-167.12211757799423,-171.13030566941515,-175.08748154520083,-178.98984777182866,-182.833132246765
-3.686092755038084,-7.371250053226096,-11.053595870590046,-14.731238762487674,-18.40226128024506,-22.064708921183602,-25.71657840006838,-29.355805002583853,-32.980248742926015,-36.587678995056486,-40.17575719636093,-43.742017127310646,-47.283842142463676,-50.79843855396025,-54.282804129643424,-57.73369033562568,-61.1475564839489,-64.52051327171839,-67.848252209274,-71.1259559511029,-74.34818225731387,-77.50871068468216,-80.60033514206617,-83.6145752366168,-86.54126100459924,-89.36791073668184,-92.07875032745514,-94.65306318107537,-97.06215835887487,-99.26305287140228,-101.1824144724818,-102.65676864150377,-107.1515845521259,-111.62511601254786,-116.07621109009924,-120.50364990286458,-124.90613753302394,-129.28229597659583,-133.6306549557609,-137.94964138065288,-142.23756719732347,-146.492615293894,-150.71282305266433,-154.89606302504015,-159.0400200583865,-163.1421640045172,-167.19971686660594,-171.20961286189547,-175.16844934102528,-179.07242573142304,-182.9172665335618
-3.6877537964317137,-7.374571252831472,-11.058574574675315,-14.737870534174233,-18.410539878384753,-22.074626270515015,-25.728124552373732,-29.368968088478553,-32.99501491381523,-36.60403235468449,-40.193679721255975,-43.76148857528609,-47.304839948169366,-50.82093771027836,-54.3067770534786,-57.7591067163352,-61.1743831122701,-64.54871384654452,-67.87778711895228,-71.15678202499855,-74.38025248206814,-77.54197387767313,-80.63473557167899,-83.65005217436854,-86.57774818666077,-89.40533569932622,-92.11703355689353,-94.6921169698722,-97.10188515346229,-99.30334261648724,-101.22313955096641,-102.69777049170528,-107.19441155659857,-111.66975188424541,-116.12263856892277,-120.55185069692331,-124.95609225513654,-129.3339840755991,-133.6840546421422,-138.00472954596628,-142.2943193267818,-146.5510053714526,-150.77282345782018,-154.9576444204604,-159.10315126734915,-163.20681187698406,-167.2658461325469,-171.27718597022746,-175.23742628219856,-179.14276384125068,-182.98892027529615
-3.6891370939598387,-7.377337111953938,-11.062720784103304,-14.74339339676965,-18.41743419356334,-22.08288530938474,-25.737740025376983,-29.37993010523229,-33.00731193476209,-36.61765113407759,-40.2086052408979,-43.77770396832485,-47.3223264121153,-50.8396744082402,-54.32674100241415,-57.78027266085916,-61.19672338223929,-64.5721981962202,-67.90238254497675,-71.18245255965017,-74.4069589571663,-77.56967365290848,-80.66338221873276,-83.67959510439152,-86.60813220244349,-89.4365004426694,-92.14891280166806,-94.7246376711042,-97.13496607320586,-99.33689211535777,-101.25705137944578,-102.73191265721756,-107.23004604807872,-111.7068653807734,-116.16121695356136,-120.59187900866253,-124.99755463694636,-129.37686371823668,-133.72833372331885,-138.05038916443266,-142.34133943083597,-146.59936468131198,-150.82249938122357,-155.00861296077784,-159.15538692336906,-163.2602875334156,-167.3205329401108,-171.33305321400087,-175.2944412366091,-179.2008916097593,-183.0481236123253
-3.690243141527323,-7.379548618375267,-11.06603598044822,-14.747809325497938,-18.422946694450857,-22.089488999639443,-25.745428273760197,-29.388694999940988,-33.01714424476326,-36.62854026351371,-40.220539176101106,-43.79066921688302,-47.336307933323184,-50.85465553413599,-54.34270334844031,-57.79719602498459,-61.214585631122844,-64.59097513665988,-67.92204777844017,-71.20297731706516,-74.42831191027783,-77.59182069723478,-80.68628622122732,-83.70321560588918,-86.63242505998606,-89.46141738816235,-92.17440087732778,-94.75063847007982,-97.16141464219984,-99.36371519080852,-101.28416402581958,-102.7592093733291,-107.25850285205978,-111.73647191492033,-116.19196224111862,-120.62375141644837,-125.03054183495335,-129.41095263593192,-133.76351050233743,-138.08663910732167,-142.37864694546425,-146.63771322051167,-150.8618713771718,-155.04898975355775,-159.19674868306555,-163.3026131749996,-167.36380003023785,-171.37723786868835,-175.3395180085477,-179.24683336373752,-183.09490138687153
-3.6910723332428743,-7.381206560290573,-11.068521345924276,-14.751119896478707,-18.427079350909853,-22.094439704669885,-25.751192054170303,-29.395265922171614,-33.02451538589654,-36.636703677087496,-40.229485852382865,-43.80038903718663,-47.34678961786916,-50.86588658285671,-54.35466997401081,-57.809883077208475,-61.22797651161046,-64.60505170248481,-67.93679023312414,-71.21836408677957,-74.44431950249742,-77.60842353812477,-80.70345646660351,-83.7209229183223,-86.65063634088943,-89.48009644722715,-92.1935080096907,-94.77012988757758,-97.18124165145404,-99.38382287208343,-101.30448871479587,-102.77967199821387,-107.27979378469466,-111.75858375855796,-116.21488715687049,-120.64748109659023,-125.05506747407043,-129.43626489970785,-133.7895994937683,-138.11349433011037,-142.40625726432103,-146.66606681805115,-150.89095570705587,-155.07879148948425,-159.22725366314353,-163.33380634097858,-167.39566536096808,-171.40975830707376,-175.37267538110427,-179.2806082916727,-183.12927318733344
-3.691624964097659,-7.382311527665519,-11.070177765421288,-14.75332628944089,-18.429833637386896,-22.097739193479637,-25.75503342996438,-29.399645229383324,-33.029428009417046,-36.64214431948034,-40.23544850740626,-43.80686695934616,-47.35377528766835,-50.87337166734709,-54.36264528216252,-57.81833850952194,-61.23690100326165,-64.61443315912932,-67.94661545826187,-71.22861869927421,-74.45498784241015,-77.61948855838666,-80.71489960709062,-83.73272395738681,-86.66277321691486,-89.49254503846254,-92.2062418526392,-94.78311979820772,-97.19445517778854,-99.39722341425592,-101.31803384768583,-102.79330903302377,-107.29392767369171,-111.77321006433834,-116.23000117676125,-120.66307784663294,-125.07114167170923,-129.452810945064,-133.80661144937022,-138.13096589893286,-142.42418176596848,-146.68443716289994,-150.90976436814532,-155.09803047191653,-159.24691447071717,-163.35387993973652,-167.4161421392869,-171.4306280318518,-175.39392714951657,-179.30223047784355,-183.15125338311626
