-0.6052944572283306,-1.2093401361869451,-1.8094780312137548,-2.4024870109582417,-2.983861069729793,-3.546038641425378,-4.072150847637143,-4.485022132870094,-5.195234112996594,-5.897790376627716,-6.5905137902115785,-7.270143512802772,-7.9311321891614925,-8.561788335145906,-9.122353373144545,-9.896817386495004,-10.663091320658912,-11.419352145134248,-12.1629123318508,-12.889356785871117,-13.590032873009145,-14.240814393362987,-15.06425419423694,-15.87942940130764,-16.68475516187671,-17.477944276328138,-18.25536980948447,-19.010360054287133,-19.726780452848363,-20.318868877406985,-21.174593400793526,-22.020710510705428,-22.85523763399044,-23.675130590754147,-24.475083854106312,-25.243579434545705,-25.93906925124975,-26.82982393176416,-27.711225957183053,-28.581533896000924,-29.43814984406781,-30.27675023698324,-31.088714299232905,-31.849215951880886,-32.77101430857686,-33.683706945763774,-34.58574810927976,-35.474890414007064,-36.347539449674514,-37.19700592440826,-38.00677814800326
-0.8327124828621871,-1.663569482625904,-2.4886230139876293,-3.3031005022267994,-4.100347868438975,-4.869251021965688,-5.585196349444224,-6.137766180796794,-7.122868178092636,-8.096368299525468,-9.054991535643968,-9.993844988303762,-10.904629613354695,-11.769930723865885,-12.53113854320804,-13.60877465192858,-14.673856490561414,-15.72361523692853,-16.753976592905552,-17.758261217668405,-18.723416990940652,-19.61327560097358,-20.76071440396328,-21.89538271076054,-23.014856076474626,-24.115640686068346,-25.192204881099883,-26.234394123762527,-27.217748875291317,-28.014534462651902,-29.206331602379215,-30.3832155701517,-31.54213976916644,-32.67843203098521,-33.78396192668701,-34.841126432042586,-35.78698978635013,-37.02766912173667,-38.25375993084207,-39.462573154984824,-40.65010128946707,-41.80968274190485,-42.92806035720327,-43.967257238701606,-45.25086382498378,-46.520211379333624,-47.772903338161775,-49.00545834950886,-50.21231375840767,-51.383131946040535,-52.492482331470924
-0.9861919271635529,-1.970062823524008,-2.9466769001399604,-3.9100771449416376,-4.8519796869185985,-5.758599451642411,-6.5995861278072745,-7.240878399488702,-8.413549337384287,-9.571494638388783,-10.710580484229766,-11.824643210767535,-12.903254208414538,-13.924612984330748,-14.816012460592258,-16.100924251448873,-17.369773396002888,-18.61904036399772,-19.84355384656408,-21.034851318136845,-22.176440715314058,-23.22289092392701,-24.591695371753612,-25.94407393245216,-27.27692893055052,-28.585801564606633,-29.86364216476435,-31.097535782477486,-32.256501507694274,-33.18141189787588,-34.60181078348287,-36.002974060877506,-37.38099739823614,-38.72989996822141,-40.03929052883164,-41.28673861941102,-42.392784913868745,-43.87095781298482,-45.33026053063677,-46.76723555732875,-48.1767350131245,-49.55021263848329,-50.870699232191505,-52.08987250095684,-53.61844504206202,-55.12853502328473,-56.617052831494995,-58.079513987157526,-59.508760614520945,-60.891514158330004,-62.19524422808777
-1.1051001160955136,-2.2074832488504015,-3.3013742739738747,-4.379812616643774,-5.433140081313779,-6.44533569336503,-7.381306527171855,-8.088091597243846,-9.406891301534358,-10.70825535823009,-11.987310519925721,-13.236802868993346,-14.444486046286336,-15.584849137135468,-16.573520545240346,-18.019822161871293,-19.44699293450667,-20.850861132550197,-22.225304863863624,-23.560322439584166,-24.836472904401937,-26.000509287224894,-27.541322144579294,-29.06250107344653,-30.56036011330207,-32.02959895641368,-33.46184830390105,-34.84180667510022,-36.13292146581605,-37.15036746563643,-38.74757520619028,-40.32175022169302,-41.86823703718357,-43.379911767226716,-44.84441729750263,-46.2351638473591,-47.45882239105359,-49.12022412043294,-50.75899353870466,-52.37099826157425,-53.95009110144433,-55.486080440764056,-56.95877991081026,-58.311061580129355,-60.02817756622913,-61.72310243959471,-63.39213676258347,-65.02991505995202,-66.6278828798154,-68.17020211384958,-69.61824493390236
-1.2034844525190902,-2.4038986631268147,-3.59471924784476,-4.768093036107834,-5.913144381858894,-7.0118842860894794,-8.025092330277918,-8.78384526222778,-10.223910556689729,-11.64408979921573,-13.03884455317877,-14.39994301988412,-15.713516017167933,-16.950768164246643,-18.01721714434053,-19.59723522221534,-21.15533716120406,-22.6867610144088,-24.18452655766868,-25.63724739663563,-27.022847557092692,-28.28120387204014,-29.964184182768868,-31.624616382114603,-33.258280274757524,-34.859112719398595,-36.41755176562664,-37.91615097877112,-39.31340948792909,-40.40257539029689,-42.145280525727074,-43.86150536380337,-45.545911895902094,-47.19034022326186,-48.78065965746592,-50.28656310250743,-51.6026371882754,-53.41447125964338,-55.200261734612475,-56.955262128235674,-58.6724179104643,-60.340049306886506,-61.93508209344092,-63.39262540527147,-65.26421582438645,-67.11025850507357,-68.92649865279022,-70.7067699907895,-72.44125278753951,-74.1118043078018,-75.67438029131173
-1.2880860786732065,-2.5727780584934172,-3.846867015324909,-5.101683619923916,-6.325242972332374,-7.497773407653956,-8.576355070216012,-9.378146906252136,-10.922644107903162,-12.444988112000958,-13.939027182169438,-15.395630279837503,-16.79944244774692,-18.11868600487204,-19.249881167409015,-20.94481637413317,-22.615254680290676,-24.25588776020697,-25.858942401519755,-27.41175746096867,-28.889847531325447,-30.226897292227765,-32.03175278994554,-33.81136255697152,-35.56101078265553,-37.27392779574677,-38.93945030823723,-40.53816223657347,-42.02407272747966,-43.17126790946265,-45.03820508629477,-46.875474401670544,-48.67710483176018,-50.433978063091004,-52.13033037029045,-53.732464275129686,-55.12421277954997,-57.06423059600054,-58.97505719553473,-60.851376149589356,-62.68529266323646,-64.4637542818197,-66.16104344573476,-67.70528875061257,-69.70827682196528,-71.6826269182364,-73.6235686656196,-75.52419374535657,-77.37351393924904,-79.15127159966065,-80.80851839314855
-1.3626991361250638,-2.7217021018745955,-4.069160905335648,-5.395646711934907,-6.6881456746920644,-7.925241523822283,-9.060635594954267,-9.899098373555812,-11.535747732353517,-13.148116134549243,-14.729477600158965,-16.26986112291243,-17.752529749122154,-19.142954216061444,-20.329512898691988,-22.125622617850127,-23.894813758192853,-25.631264984450095,-27.326459919687945,-28.966546929932765,-30.52480553898779,-31.92926185655567,-33.84115771133973,-35.72528131925262,-37.57645091096452,-39.38723359866594,-41.14593533503182,-42.831306983051604,-44.39322824040073,-45.58877420877486,-47.56442763063542,-49.507432281748905,-51.411222464821485,-53.26578179018631,-55.05382356391252,-56.73851834170247,-58.193997836582845,-60.24599133892835,-62.26585691937637,-64.24774255175403,-66.18296554174864,-68.05719147240092,-69.84225316918021,-71.4599215214544,-73.57752498047108,-75.66361412531897,-77.71293403664221,-79.717880338886,-81.6663724882396,-83.53618833475052,-85.27388432398287
-1.4296869314560143,-2.855392609916664,-4.26866621566815,-5.659363600936468,-7.013504705352308,-8.308136880526282,-9.493835296891735,-10.364183183303862,-12.083560203402314,-13.776640147392479,-15.436153742857766,-17.051337051792668,-18.604153847992368,-20.057508531068105,-21.292326765849374,-23.17905112345426,-25.036565207436425,-26.85856139073126,-28.635820093148695,-30.35336708665479,-31.982388374022243,-33.44568708149153,-35.45323076187136,-37.43061719319745,-39.372222563793045,-41.26998576207483,-43.111239251968605,-44.873012446599915,-46.50135206255619,-47.73806100091597,-49.81054327349036,-51.847567333332734,-53.84200393095384,-55.78298776710154,-57.65179942009092,-59.40869073481716,-60.918956357084845,-63.07052920513165,-65.18721305144459,-67.2626482286576,-69.2874069092545,-71.24594720136322,-73.10781238178498,-74.78893048841553,-77.0083364579646,-79.19353013448237,-81.33879735194802,-83.43587526997041,-85.47165356880609,-87.42206985218824,-89.22952412596321
-1.4906291942935035,-2.977005815102748,-4.450105570755314,-5.899104806660777,-7.30910814904399,-8.655714672166228,-9.886579961419814,-10.7850771281296,-12.579676970251867,-14.346056476601982,-16.076428559717012,-17.759275117497136,-19.375329112502513,-20.88508282552028,-22.162582875112797,-24.13150864171869,-26.06904242989667,-27.968412513760693,-29.819729359381157,-31.606952876752274,-33.29929453231948,-34.81470148972162,-36.90882557083533,-38.970528222260256,-40.99376356777798,-42.969871553304316,-44.88525926555095,-46.71532894862552,-48.40254569584408,-49.67488376895435,-51.83475797326935,-53.956511080457176,-56.03247641239358,-58.05098117444911,-59.9919496133658,-61.81289616388312,-63.37100674597163,-65.61233542281414,-67.81616434903616,-69.97564971834424,-72.08065462850922,-74.11449279800757,-76.04455412032549,-77.78136051504522,-80.0924326716421,-82.36674720879138,-84.59815199243693,-86.77775741222356,-88.89147631516536,-90.91351169135132,-92.7823952122116
-1.5466383831279726,-3.088764355073881,-4.616804644724335,-6.119285970713188,-7.580440174907913,-8.974491886250616,-10.246350844794458,-11.169996087078264,-13.033672792625884,-14.867285388577162,-16.66255056310297,-18.407228942010192,-20.080880970208895,-21.641718724958363,-22.957399042904644,-25.0016365285896,-27.01239583497773,-28.98246009090748,-30.90129824974137,-32.75185306605674,-34.501464094066996,-36.06353896177846,-38.2368277433935,-40.37553647205999,-42.47321434073783,-44.52062750634312,-46.50329914880839,-48.39508596393354,-50.13508929141001,-51.438676782401025,-53.678245693317315,-55.87715861012174,-58.02723391015731,-60.116027054715886,-62.12217217276936,-64.00060377655362,-65.60102451034334,-67.92411042649803,-70.20721712490102,-72.44303689983943,-74.62075490539071,-76.72259513107454,-78.7139124015188,-80.50019998982008,-82.89469822324035,-85.25002667115885,-87.55961355281121,-89.81396983361871,-91.9980773502138,-94.08449618806785,-96.00813938153192
-1.5985299766525327,-3.192297515386854,-4.771201290598024,-6.323143924699563,-7.831520853056345,-9.2692455752963,-10.578631366398008,-11.524958703068377,-13.452567133897368,-15.348337255797823,-17.203508253672464,-19.005148030606176,-20.73169526341814,-22.339197036444354,-23.689345425539926,-25.80312943319376,-27.88143362428645,-29.916612522887302,-31.89751842519036,-33.80611962847826,-35.607974033508675,-37.212227273168374,-39.45848474910303,-41.66809737557854,-43.834224412239486,-45.94708027643807,-47.99134069844464,-49.93938880807792,-51.72715418074203,-53.058447908003,-55.37129767479672,-57.64107014315791,-59.859088474958504,-62.01216783675193,-64.07771066214167,-66.00821057506644,-67.64643173285887,-70.04462106736727,-72.40046811507194,-74.70621902905431,-76.95040839146377,-79.114218657166,-81.16107405059546,-82.99177012114568,-85.46284978932103,-87.89246536557346,-90.27364148818701,-92.5963137175104,-94.84457322901474,-96.9894181158312,-98.96236233697861
-1.6469211137136,-3.288838310251121,-4.915140437849239,-6.513128263614153,-8.06539253483755,-9.543590944158716,-10.887571028962707,-11.854517145364117,-13.841672831248001,-15.795277998112654,-17.706110862620527,-19.560571841814742,-21.33602281303969,-22.98644814619082,-24.367949683339145,-26.546371154515032,-28.687387193764515,-30.782938405557164,-32.82128252390189,-34.78345143946828,-36.633301997415224,-38.275964516925875,-40.58992341787126,-42.865257190096095,-45.09474850224349,-47.26807967274292,-49.36911153201977,-51.36881804756492,-53.2001283837181,-54.556210092876846,-56.93690284968547,-59.27219909681547,-61.55294435993156,-63.76524159013479,-65.88531379863296,-67.863338015864,-69.53561978042823,-72.00328012720232,-74.42633955523895,-76.7966138918118,-79.10201156523024,-81.32271657740475,-83.42031596401736,-85.29120092768314,-87.83307588441332,-90.33129796993579,-92.77850253800366,-95.16407114560631,-97.4712403268745,-99.66951848353163,-101.68721578163577
-1.6922911048543186,-3.3793443823143576,-5.050054994138996,-6.691141543192776,-8.284418188921817,-9.800335906469748,-11.17639256106221,-12.16220507699426,-14.2051166704253,-16.21282156254838,-18.175651827974246,-20.07936304064238,-21.900280697380197,-23.590418443905666,-25.000621689057912,-27.239440040449818,-29.438996514139344,-31.590831016291077,-33.68262663192261,-35.69451320374587,-37.58871936434971,-39.26658167929241,-41.643699774010166,-43.98028939788113,-46.2687686558324,-48.49830549068868,-50.65197525793788,-52.69940105030772,-54.5706661070081,-55.949096020423625,-58.39295470400795,-60.789190351991294,-63.12818671433917,-65.39535990019994,-67.56580079627459,-69.58748207653719,-71.29067719396485,-73.822971325974,-76.308500517783,-78.7386645293135,-81.100767677305,-83.37403445371174,-85.5182990804587,-87.42581087182276,-90.03351791261325,-92.59547868152191,-95.10395212489146,-97.54778509170437,-99.90939199185148,-102.15685681297278,-104.21546123724052
-1.7350203129672304,-3.4645756841609217,-5.1770820776363475,-6.85869360589288,-8.490473072232907,-10.041708859190257,-11.447653443991635,-12.450825311748432,-14.54617386098521,-16.604710763164128,-18.616335412089075,-20.56617910577222,-22.429567717561245,-24.156627785484794,-25.593248535979228,-27.88875615176609,-30.143208991873593,-32.34775830544465,-34.489530679422344,-36.5477852683177,-38.483188969737014,-40.19348527901817,-42.629798165453444,-45.02374987442852,-47.3674049079916,-49.64943299840874,-51.85215089839782,-53.943884071669785,-55.85201025377137,-57.25072252134749,-59.753675422837716,-62.20686360332919,-64.60022349598462,-66.91850752501567,-69.13571764367639,-71.19772435076355,-72.92915100469435,-75.52187355871101,-78.06575354430399,-80.55178764099469,-82.9666961483866,-85.28877957633296,-87.47619618399204,-89.41728996794335,-92.08651895780984,-94.70799516180558,-97.27361283655158,-99.77170169192993,-102.18388364410224,-104.47687771034303,-106.57309568816326
-1.77541610791897,-3.545146333974957,-5.2971406058418635,-7.017004595924243,-8.685072668509513,-10.269510711394263,-11.70342045238943,-12.72264173777601,-14.86749131740423,-16.973971615697454,-19.031561696442715,-21.02478745639548,-22.928008898034378,-24.68954211957856,-26.15059229070308,-28.49951402517165,-30.805646934152122,-33.05976468259601,-35.248454060563766,-37.35013241223621,-39.32396605436914,-41.06428845066873,-43.55630031777935,-46.00418360747111,-48.399659300007116,-50.73091379351429,-52.97952998762338,-55.11258473267682,-57.054878762086666,-58.47210486994894,-61.03057035407138,-63.53720762804951,-65.9815191052586,-68.34761483588481,-70.6084475838353,-72.7078793346113,-74.4652276424752,-77.11468410815309,-79.71329979897006,-82.25168024623312,-84.71598020444382,-87.08360886607025,-89.31111901683907,-91.28316393329135,-94.01013207120775,-96.68742059200301,-99.30656981869863,-101.85540845422045,-104.31479313599796,-106.65013243596593,-108.78111269110944
-1.8137307569512324,-3.621560359235443,-5.41098477632651,-7.167075964479579,-8.869460869964229,-10.485219665419049,-11.945389941991866,-12.97951154999561,-15.171241574147633,-17.323088725194083,-19.424123169895413,-21.45828287602062,-23.398993221694113,-25.1928306711213,-26.676564537884783,-29.075981476290487,-31.430930396102433,-33.731817643860616,-35.964705702607034,-38.107196897107265,-40.11701359468291,-41.88524714259547,-44.42984787162237,-46.928613359462666,-49.372930409467614,-51.75051588070586,-54.042241778194956,-56.21398175269712,-58.18807779754911,-59.622289215303894,-62.23308830739716,-64.79006819583144,-67.2823095946981,-69.69329993181445,-71.99497959210497,-74.12928839663822,-75.91055011764684,-78.61346516731308,-81.26361467139523,-83.85122405861134,-86.36189964096025,-88.7721895256502,-91.0371060658387,-93.03780755213836,-95.81916422611272,-98.548987952475,-101.21847506906686,-103.81496819285007,-106.31858384991475,-108.69347049166522,-110.85672125277756
-1.8501740979063075,-3.6942370167879695,-5.519241951007402,-7.309740767113159,-9.04467244034261,-10.690065435522918,-12.174973046914415,-13.222978884554916,-15.459231825649802,-17.65412958240258,-19.796344088482435,-21.86924167651548,-23.845342226038397,-25.66954835669202,-27.174421121999263,-29.621711609644695,-32.02290630630635,-34.3680538244909,-36.642706804322195,-38.82367756306222,-40.86729725577264,-42.66156991350041,-45.255970946627926,-47.80288684420512,-50.293378953860845,-52.71470747191576,-55.0470549363184,-57.25513410649969,-59.25893760200254,-60.708802019931724,-63.36909084826354,-65.97363703071161,-68.51111107219545,-70.96439619708468,-73.3044546950225,-75.4713842243005,-77.27479891624957,-80.02824562940222,-82.72707026953248,-85.36112845480812,-87.9154939882133,-90.3658820333859,-92.66582483416498,-94.69316507810385,-97.52591848807225,-100.30535376354436,-103.0223325196968,-105.66372517625153,-108.20893156028916,-110.62088670166624,-112.81421224501142
-1.8849227306794414,-3.7635291565666655,-5.622440132042611,-7.445700141930663,-9.211578315496068,-10.885083072674414,-12.39335746354124,-13.45434270565928,-15.732983018083965,-17.968834752207716,-20.15018162032839,-22.259833611282502,-24.269432414317063,-26.12226824807607,-27.646903569733524,-30.1396968227848,-32.584814941049274,-34.97195780552564,-37.28618179877418,-39.50353270794945,-41.578999821219426,-43.397643167313916,-46.03932706077146,-48.63192921610598,-51.16619371249012,-53.628936170750094,-55.999669766484175,-58.24198596961205,-60.27362958946254,-61.7379769743403,-64.44519368659647,-67.0948075338906,-69.67508958878814,-72.16833614028006,-74.54456346811307,-76.74210150831664,-78.56611460573318,-81.3674589162459,-84.1123883262379,-86.7903982885736,-89.38604502277941,-91.87423707646647,-94.20708278405927,-96.25927432113114,-99.14073394719493,-101.96715371373972,-104.7290691877839,-107.41289159229024,-109.99732594881243,-112.44413740508584,-114.66558860727562
-1.9181268217258263,-3.829736816380388,-5.721028302323193,-7.57555031429259,-9.37091913886586,-11.071152809696825,-12.601553186051845,-13.674707047864636,-15.993788409375833,-18.268684671138434,-20.487300776770738,-22.63190480051796,-24.673285974621038,-26.553179754632303,-28.096343917427667,-30.632482988519968,-33.119413377979164,-35.54649473606406,-37.89830001268361,-40.150130604963906,-42.25568029595533,-44.0971982807567,-46.78387843861368,-49.41993047250219,-51.99578891914563,-54.497836227135664,-56.904935160551545,-59.17959312111116,-61.2374017712741,-62.71519765658347,-65.46702010016271,-68.15943886391736,-70.78033574677012,-73.31143636771333,-75.72184115238484,-77.94818184282937,-79.79141154592816,-82.63826800180101,-85.42697642411747,-88.14668118584208,-90.7814349721505,-93.30536445423097,-95.66920662348119,-97.74465565210474,-100.67238648748472,-103.54341507841092,-106.34795910997376,-109.07198283812043,-111.69351704680118,-114.17319776504311,-116.42103300934049
-1.9499152332650378,-3.893117469584026,-5.815391757972359,-7.699802952639546,-9.523330539943272,-11.249030095507266,-12.800426979869723,-13.885018878625477,-16.242757717993893,-18.554950021890285,-20.80913093425588,-22.987040295266326,-25.058639234984895,-26.964162719752608,-28.524743825165533,-31.102255649459536,-33.62906870764745,-36.09421048358501,-38.481782655514074,-40.766363194593566,-42.90039409337864,-44.76343785603984,-47.49302597292208,-50.17048705738849,-52.78595342805272,-55.325385166759524,-57.76701256199618,-60.07229405783239,-62.1547566876736,-63.64508088683848,-66.43939243508821,-69.17255549991448,-71.83207222554795,-74.39911294589608,-76.84189068139989,-79.09540413845781,-80.95661492697334,-83.8468110046833,-86.67718205558175,-89.43652996993221,-92.10841717976423,-94.66621181895371,-97.05932887731468,-99.15660588391074,-102.12839155623885,-105.04186828680038,-107.88694360240325,-110.6491463479755,-113.30585247224121,-115.8166071920815,-118.08926105984689
-1.9803994520255395,-3.9538938743382266,-5.90586385233963,-7.818900760087183,-9.669362496302366,-11.419368599725075,-12.9907287860833,-14.086097092675194,-16.480850944401546,-18.828730335478948,-21.11690915714005,-23.32661204023103,-25.42699515038447,-27.35684424037018,-28.933835245313187,-31.550906130797337,-34.11582954141204,-36.61730847644249,-39.0389849192254,-41.354733336587756,-43.5157852788675,-45.39913262102542,-48.1697120540528,-50.88671056759528,-53.53996523426091,-56.11502404844514,-58.58950185975752,-60.923841380347845,-63.02958802507588,-64.53161747245576,-67.36647911200579,-70.13850044301012,-72.83481309939046,-75.43604673636163,-77.9095538978663,-80.18876150116091,-82.06684270599419,-84.99838969459059,-87.86848762980277,-90.66560408783333,-93.3728238514342,-95.96277861277012,-98.38360782093737,-100.5014237883072,-103.51523650059532,-106.46918600603357,-109.35287700888667,-112.1514139061914,-114.84153618211138,-117.38173435941063,-119.67779226617071
-2.009676641788027,-4.0122601723018825,-5.992735120810745,-7.9332295887316855,-9.80949437745112,-11.582738086731728,-13.173112236946208,-14.278655035386727,-16.70890465399964,-19.090983997718354,-21.411713881015906,-23.65181617126094,-25.77966412432919,-27.732642863364244,-29.32512761330296,-31.980082976549344,-34.58148165450433,-37.11770950620923,-39.57195987918199,-41.917422727011164,-44.10415837678904,-46.00669686108995,-48.816500626202526,-51.57131239166344,-54.26068064536519,-56.86975110740229,-59.375539423320376,-61.73750410547299,-63.865286998407996,-65.3782817753301,-68.25190907282563,-71.06105448972247,-73.79248787422479,-76.42631211659331,-78.92904485074604,-81.23259893013343,-83.12654721938438,-86.09761622006539,-89.0056622602075,-91.83882639215872,-94.57972775219943,-97.20028257559105,-99.64739864395106,-101.7845855829649,-104.83856135970345,-107.83116918014153,-110.75171791976044,-113.58489796602608,-116.30682979046327,-118.87498337884917,-121.19316081249174
-2.0378320457698686,-4.068386688370975,-6.076260462142968,-8.04312797377398,-9.944146784590071,-11.739638482930154,-13.348150802007686,-14.463318225660066,-16.92765266573092,-19.342551875156374,-21.694491439211987,-23.963702393045683,-26.11779616682373,-28.092803405964446,-29.69994502705135,-32.39123248166242,-35.02759184003768,-37.597098865707295,-40.082508867887874,-42.45634544212956,-44.66753498406098,-46.5882478896164,-49.43564030999506,-52.226670450797734,-54.950604600699364,-57.59219560331538,-60.127875415658856,-62.51614835216762,-64.66482624252765,-66.18811809127178,-69.09886201022815,-71.94353026870252,-74.70853928040312,-77.37347846468195,-79.90405488458042,-82.23072186988016,-84.139626801661,-87.14852876013347,-90.09288140346364,-92.96050671439252,-95.73356964924972,-98.38329097355606,-100.85538833834087,-103.01088320875819,-106.10330132043697,-109.13289361665399,-112.08867983477747,-114.95494632395976,-117.70721117240467,-120.30195621983933,-122.64108158603028
-2.0649408993664258,-4.12242375215992,-6.1566648561515445,-8.148894724496788,-10.07369097737486,-11.890511077147488,-13.516350643797901,-14.640638464284805,-17.1377425270001,-19.584176133934278,-21.966077196293487,-24.263197387920876,-26.442406521949394,-28.438424707997953,-30.059455878872466,-32.78563100193019,-35.455542872068214,-38.05696393466355,-40.572221644303774,-42.97319063860141,-45.20769892022149,-47.145653475093084,-50.02911474654044,-52.85488243231671,-55.611946761436144,-58.284676726904095,-60.848935464179874,-63.26230170215597,-65.43082672586142,-66.96380952876163,-69.91014031862944,-72.78884722869844,-75.58600125568005,-78.2806910848512,-80.83783643629368,-83.18648276217142,-85.10951476689195,-88.1546837207581,-91.133822233544,-94.03444037293451,-96.83825990097316,-99.51582520015828,-102.01170320861657,-104.18453452647957,-107.31380024221019,-110.37882680034772,-113.36835122090257,-116.2662653682612,-119.0475008364494,-121.66758211166182,-124.02658243855139
-2.0910699691503103,-4.174504772784795,-6.234147964204412,-8.250795032058656,-10.19845645887643,-12.035747532830227,-13.678160962030944,-14.811105183882091,-17.3397487718824,-19.816515388044053,-22.227212562769637,-24.551123665342867,-26.754396306567408,-28.77048198382006,-30.404696720595346,-33.164410980415234,-35.866561673022844,-38.498624463221674,-41.04250876171591,-43.46945696271734,-45.72623261200553,-47.68057005901972,-50.59868316910979,-53.457808692313876,-56.24666671722971,-58.94925107745906,-61.54087036634369,-63.9782050722449,-66.16561167669293,-67.70773350313138,-70.68822706490289,-73.59959205660905,-76.42756177583968,-79.15073640730552,-81.73327054543982,-84.10285077071185,-86.03925107744459,-89.1192299928706,-92.13174045793824,-95.06398751129848,-97.8972602732724,-100.60144501368531,-103.11999544515517,-105.3092720415242,-108.47390205962624,-111.5729219413005,-114.59479216852675,-117.52301929922902,-120.33196365337452,-122.97622170326686,-125.35411063587952
-2.116278803090159,-4.224748736693229,-6.308887866494422,-8.349065431277106,-10.318737137440959,-12.17569720949128,-13.8339823972969,-14.975154667853241,-17.53418369351198,-20.04015701033652,-22.478558825524463,-24.828214885971242,-27.054569291002178,-29.089844997597275,-30.736591668444127,-33.52858211312715,-36.26174222342421,-38.92325720517141,-41.49462789834729,-43.94648054302792,-46.2245466935984,-48.19447384593618,-51.14591341027339,-54.03710716089322,-56.856510767055795,-59.58775129177844,-62.205596531164566,-64.66585491745381,-66.87125045404173,-68.42200686998906,-71.43533313677347,-74.37806781639912,-77.2356139550978,-79.98609501397259,-82.59292175629521,-84.98246847954239,-86.93154061243015,-90.04496932557288,-93.08953276954703,-96.05213759841786,-98.91365045164599,-101.64331701354642,-104.18351349369478,-106.38841501215113,-109.58702506569938,-112.71869440579452,-115.77161293889596,-118.72891075628654,-121.56439151676778,-124.23175169255425,-126.62761933791336
-2.140620755133642,-4.273262254697636,-6.381044124841763,-8.443917866989002,-10.434796376627569,-12.310673163112973,-13.984173918567912,-15.133177604553646,-17.721506173909457,-20.255627225835617,-22.720708488858072,-25.095128429282997,-27.343645662806615,-29.39729297216917,-31.055968319622025,-33.87904871252171,-36.642064358348684,-39.331916130271125,-41.929705463833706,-44.40545796160351,-46.703904297456084,-48.68868631510159,-51.672208988415896,-54.594261987513875,-57.443042104485436,-60.20181774629957,-62.84482916844669,-65.32703786471961,-67.54959454697385,-69.10852294983312,-72.15343592083755,-75.12633425989675,-78.01229796522713,-80.78898513557166,-83.41908315173464,-85.82769839642792,-87.78880094980656,-90.93440583374435,-94.00978805778003,-97.00156231770939,-99.8901825773875,-102.64427078366091,-105.20515974616787,-107.42492855762258,-110.65622280155566,-113.81928436455469,-116.9020383446332,-119.8872468997755,-122.74817108726113,-125.43763417868988,-127.85063845974143
-2.164143831679702,-4.320141253161711,-6.450760313087889,-8.535543053587606,-10.546871167422733,-12.440957103748756,-14.129058513861924,-15.285525327519899,-17.902128980166328,-20.463399453805994,-22.954194649389688,-25.35245578379957,-27.622273407122208,-29.693526917135113,-31.363570912772943,-34.21662406638769,-37.008409313007796,-39.725549142174465,-42.348754471294505,-44.847465255648416,-47.16544114753702,-49.16439532198854,-52.178831513078975,-55.1306072365965,-58.007665787545626,-60.79292478170882,-63.46010974302885,-65.9633593608017,-68.20230734939821,-69.7689821420037,-72.84431128386673,-75.84624115791753,-78.7595356957613,-81.56139861516728,-84.21381358533738,-86.64066139651584,-88.61320185960864,-91.78978691696007,-94.89482973444491,-97.91465927826677,-100.82932631795723,-103.60684528819903,-106.18753821123815,-108.42147249309448,-111.68423436213607,-114.8775085497037,-117.98896093567379,-121.00099399960155,-123.88633975103387,-126.59697394449923,-129.02633319381522
-2.186891396125046,-4.3654723816339605,-6.518166123244562,-8.624113271332785,-10.65517560104524,-12.566803522169442,-14.26892792719865,-15.43251500882265,-18.07642483836652,-20.66390125383596,-23.17949880341415,-25.60073120110687,-27.891037786338412,-29.979179898645594,-31.6600712902833,-34.54204240001793,-37.36157267484867,-40.10501200831848,-42.75268942962805,-45.273473751434274,-47.610182302815346,-49.62267268044562,-52.666919354439386,-55.64734663270368,-58.55164954594252,-61.362402555597015,-64.05282885151885,-66.57626754251939,-68.83088896687298,-70.40491742325887,-73.50956021034426,-76.53945606176154,-79.4790596217406,-82.30513086022839,-84.97896868812445,-87.42326873514665,-89.40669818446084,-92.61313732649946,-95.74675097123796,-98.79358840432596,-101.73330638614023,-104.53332749163363,-107.13299419215816,-109.38044197096598,-112.67352626064053,-115.89590332558089,-119.03498525744962,-122.07282285839275,-124.9816321799775,-127.71256611451868,-130.157552694182
-2.2089027593310986,-4.4093341925619445,-6.583379130635055,-8.709784709938353,-10.759903779561576,-12.68844314857662,-14.404046628945736,-15.574434011039688,-18.24473152489594,-20.857520149415198,-23.397057393595542,-25.840438953386197,-28.150469290785374,-30.254825653302394,-31.94607809217587,-34.85596890995063,-37.702275248657614,-40.47108004603974,-43.142338837548586,-45.68436334859498,-48.039056204538184,-50.06448891213911,-53.13750330556962,-56.145570125625454,-59.07614123723978,-61.91145537549094,-64.6242454139017,-67.16707326077557,-69.43669702418023,-71.01771572944452,-74.15063113919442,-77.20748758209105,-80.17243700952062,-83.02180595655265,-85.71622686520338,-88.17724888551659,-90.17105739938212,-93.40628771920412,-96.56744423387423,-99.64030243376759,-102.60413398380692,-105.42578472308202,-108.04364753476376,-110.30400153152118,-113.62632750311623,-116.87676077290581,-120.04246492831068,-123.10514686298505,-126.03651933329701,-128.78693607322703,-131.24687084986326
-2.230213677652578,-4.451798136323876,-6.646506282716615,-8.79269944531637,-10.86123227095383,-12.806085870077858,-14.53465516495891,-15.711543557531595,-18.407356161412647,-21.04460854161585,-23.607267333612985,-26.07201945863489,-28.401050349567296,-30.52098585915796,-32.22214451586979,-35.15900823358379,-38.03117222873567,-40.82445798842864,-43.518455731900346,-46.08093373577885,-48.45290653581892,-50.4907256976773,-53.59151980464963,-56.62626787502575,-59.58218358380211,-62.441177175812335,-65.17550287477563,-67.73696698354881,-70.02096422788492,-71.60863599746442,-74.76883881157228,-77.85170503136564,-80.84109034070484,-83.71289785746659,-86.42711122835016,-88.90417017865822,-90.90788285650294,-94.1708987402006,-97.35862619089559,-100.45657263927696,-103.44363331893955,-106.28609196793906,-108.92142066188987,-111.19411381018332,-114.54465915829724,-117.82215910878665,-121.01353389562276,-124.10015406006843,-127.05324133209092,-129.82237310974074,-132.29662064666334
-2.250856775501013,-4.492929405488379,-6.707645162320144,-8.87298711683427,-10.959322192279798,-12.919923206290248,-14.66097299855573,-15.844081846244,-18.564578859591148,-21.2254878796806,-23.81049069799412,-26.295874480897474,-28.64322102844464,-30.778136309489653,-32.4887749041975,-35.451711640666126,-38.348860987555184,-41.16578836248095,-43.8817266456298,-46.46391391541506,-48.8525022930183,-50.90218644914766,-54.02982216262923,-57.09034212569719,-60.070726686833446,-62.95256466004764,-65.70764296002434,-68.28703314757198,-70.58481327639386,-72.17882447801188,-75.36538026742103,-78.47335509450403,-81.48631464549317,-84.37974836578806,-87.11300820762573,-89.60546001349998,-91.61863350447803,-94.90848145286189,-98.12185884381856,-101.24401064675786,-104.25346409802304,-107.11595501583669,-109.76806234933487,-112.05256388079265,-115.43035943176764,-118.73398848098911,-121.95013293793438,-125.05983435192809,-128.03383533083283,-130.8209589401106,-133.3089232943623
-2.2708619058689847,-4.532787655125636,-6.76688506543901,-8.950766358363031,-11.054320987083875,-13.030130421670874,-14.783200935527816,-15.972266706077264,-18.716655831231847,-21.400452220501606,-24.007058725309054,-26.512371569594755,-28.87738389437403,-31.02671218383076,-32.74643036939786,-35.734583173108696,-38.6558877259013,-41.49565864290625,-44.232779256871,-46.83397033678965,-49.23854638530685,-51.29960533652479,-54.45319014923569,-57.538617346576785,-60.542638710707465,-63.44652852110723,-66.22161742134178,-68.81826241005706,-71.12926958692405,-72.72932780259701,-75.94134849592416,-79.0735760542652,-82.10929229302918,-85.02358247687901,-87.77518343062928,-90.28242124511769,-92.304640708077,-95.62041476413317,-98.85856754914712,-102.00408704363868,-105.03514070820184,-107.91693020063774,-110.58516799970413,-112.88098001039663,-116.2851050434127,-119.61397295864847,-122.85403225831742,-125.98600267995229,-128.9801592755478,-131.78459201850708,-134.28571305094442
-2.290256459519378,-4.5714276205558875,-6.824307925563815,-9.026146025594613,-11.146363949806464,-13.136868337240365,-14.9015232041116,-16.09629787477976,-18.863822055908077,-21.569771282253576,-24.19727525291631,-26.721847868852596,-29.103908190004294,-31.267112571436467,-32.99553361882933,-36.00808491382593,-38.95275318003991,-41.81460739180417,-44.57218895381481,-47.191713876277205,-49.611683014994775,-51.683655033359294,-54.862338219070764,-57.971848931456435,-60.99871505154065,-63.92390306962741,-66.71829811388754,-69.33156216087042,-71.65527221418431,-73.26110419087497,-76.4977441431058,-79.65340999166278,-82.71110567589739,-85.64552153649612,-88.4147953392701,-90.9362462366124,-92.96712266719024,-96.30796036253335,-99.57005646743598,-102.7381473298956,-105.79004865938184,-108.69044131962535,-111.37419701772109,-113.68085144437175,-117.1104295457015,-120.46368937548206,-123.72685084320959,-126.88031888821878,-129.89391225861476,-132.7150083643361,-135.22875848709035
-2.3090656314374165,-4.608899649712698,-6.879989110263349,-9.099226253747798,-11.235575539559763,-13.240284892034303,-15.016109247685625,-16.216358961777576,-19.006293580195404,-21.733693076756992,-24.3814196782378,-26.92461340203311,-29.32313343330577,-31.499704371921037,-33.236473115634006,-36.27264152988526,-39.23991754313212,-42.123129553237206,-44.90048449603028,-47.53770585680611,-49.97250404176445,-52.05495339519466,-55.25792260439442,-58.39073070101705,-61.43968624252718,-64.38545453545049,-67.19848568479782,-69.82776558504666,-72.16368326222984,-73.77503310868232,-77.03548560086219,-80.21381329941856,-83.2927481403155,-86.24659457829372,-89.03290692190845,-91.56802896495243,-93.60719683663578,-96.97227558474808,-100.25752186968532,-103.44742565624796,-106.5194587446724,-109.43779420391763,-112.13648777221384,-114.45354371928016,-117.90773909524773,-121.28458355281819,-124.57007312874589,-127.74430482357961,-130.77665204074992,-133.61379948955644,-136.139680788165
-2.3273126514994447,-4.645250164014243,-6.933998110798315,-9.170099373258337,-11.3220705175376,-13.34051649499412,-15.127115276918603,-16.332619147224804,-19.144269508379548,-21.89244618899867,-24.559749523415555,-27.120953916605067,-29.53537253555048,-31.7248256740285,-33.46960668219127,-36.528644207570466,-39.51780472817969,-42.421681039555935,-45.218152918527366,-47.87246326209235,-50.32155449529939,-52.41406924355346,-55.64054745809541,-58.795901400248084,-61.86622480054284,-64.83188825709233,-67.66291709747696,-70.3076395104158,-72.655296033625,-74.27192362811141,-77.55541773999283,-80.75566578213558,-83.85513344666278,-86.82774813639065,-89.63049586679026,-92.17877549679783,-94.22589067168849,-97.61442454749631,-100.9220636493743,-104.13305670929799,-107.22453929021204,-110.16018932217116,-112.87327053748547,-115.20031190600133,-118.678326092356,-122.07798432917313,-125.38506341316919,-128.57935912249872,-131.62981020184327,-134.4824278989443,-137.01996957689366
-2.3450189850195144,-4.680522059052821,-6.986399141689818,-9.238850705918827,-11.405954935956306,-13.437689200440815,-15.23468561940693,-16.44523465902105,-19.277933733410972,-22.0462417595331,-24.7325026659433,-27.31113335870112,-29.740914513579945,-31.94278869478918,-33.695264634215285,-36.77645407518115,-39.786806076219904,-42.71068272100261,-45.5256437977816,-48.196463272403406,-50.65933737037629,-52.76152739635972,-56.010770196410675,-59.18795034942848,-62.27895118071148,-65.26385493429004,-68.11227217500824,-70.77189123170626,-73.13084211489725,-74.7525216944282,-78.05831950119807,-81.27977856621324,-84.39910399229659,-87.38985477372587,-90.20846338605887,-92.76941309180066,-94.82415096404327,-98.2353878189618,-101.56469532388994,-104.79608603670555,-107.90636679664202,-110.85873272880207,-113.5856787339487,-115.92231211099484,-119.42338102631442,-122.84511574392147,-126.17307837251343,-129.38677005132035,-132.45470529660665,-135.32224054825764,-137.87099665015504
-2.3622045078107248,-4.714755054366688,-7.037251664103252,-9.305559259869591,-11.487327001376979,-13.531919734279374,-15.33895389795974,-16.55435006198758,-19.407456448057044,-22.19527521542093,-24.899899286564523,-27.495396034194563,-29.94002685859914,-32.15388234648182,-33.91375251750746,-37.01640519211937,-40.04728359480173,-42.990523910032834,-45.823372977474435,-48.51014722579309,-50.9863178143536,-53.097813060303594,-56.369106164035415,-59.56742237837907,-62.678438975632176,-65.68195608721699,-68.54717931303153,-71.22117446804961,-73.59099756144832,-75.21751646773865,-78.5449105194602,-81.78690100234536,-84.92543798681676,-87.93372052354928,-90.76764191469925,-93.34079814445508,-95.4028519851749,-98.83607085460174,-102.18635275791908,-105.43747905260952,-108.56593521994911,-111.53444561178082,-114.27475873015638,-116.62061150433561,-120.14400280318546,-123.58710765982232,-126.93527797221755,-130.16772670038713,-133.2525543230424,-136.1344805756609,-138.69402795216922
-2.3788876595812454,-4.74798599992609,-7.086610844466277,-9.370298338600012,-11.566277831234029,-13.623316393299408,-15.440044063201354,-16.660099387368014,-19.532995469169265,-22.339727787329018,-25.062143576710792,-27.67396850314108,-30.13295761280224,-32.358374486982235,-34.125353506728906,-37.24880716902707,-40.29957279685614,-43.26156541575627,-46.11172583456089,-48.81392409052424,-51.30292679771657,-53.42337568040096,-56.71603272276499,-59.93482215095961,-63.06521947200478,-66.08674884078529,-68.96822048608367,-71.65609458330391,-74.03638831647882,-75.66754587783967,-79.01585692643862,-82.27772671135185,-85.43485573656005,-88.46009140675174,-91.30880185289053,-93.89372313850072,-95.96280261592813,-99.41731138263475,-102.78790180049342,-106.0581289212811,-109.20416409584504,-112.18827265020509,-114.94147842224938,-117.29619709588518,-120.8412077841378,-124.30500505903932,-127.67273501580692,-130.92332877952862,-134.02448275749435,-136.920297566213,-139.49023404956083
-2.3950855788292325,-4.780249145655215,-7.134527957779239,-9.433136076517277,-11.642892119163234,-13.71197983609851,-15.53807130175507,-16.76260712598248,-19.654697402335728,-22.479767843966712,-25.2194252405116,-27.84706124640914,-30.319937196353987,-32.55651389956879,-34.330330515398906,-37.47394747266079,-40.54398519808601,-43.52414223101024,-46.39106015250168,-49.10817351975152,-51.60956434285112,-53.73863232572449,-57.05199284753162,-60.290617968511796,-63.43978565813681,-66.47875013223018,-69.37593565021729,-72.07721317650439,-74.46759497548882,-76.10320150700959,-79.47177645076941,-82.75289889830702,-85.92802516828588,-88.96965915990036,-91.83265749141188,-94.42892275809808,-96.50475261053955,-99.97988589276858,-103.37014499453954,-106.65886348307338,-109.82190567686479,-112.82108935582603,-115.58673476980736,-117.94998344299275,-121.51593772324306,-124.99977620703682,-128.38644353040215,-131.6545952199616,-134.77153336648394,-137.6807565646141,-140.26069932817825
-2.4108142218710213,-4.81157637925336,-7.1810507434929844,-9.494135911537445,-11.717248722112366,-13.79800378105369,-15.633142837713384,-16.86198910445754,-19.77269866962706,-22.615552069821938,-25.371920820554795,-28.014870136840123,-30.501180020152823,-32.74853204056802,-34.52892805811384,-37.69209346023521,-40.78081052130971,-43.77856590415965,-46.66170865735816,-49.39324854769372,-51.90660237369264,-54.04397067712014,-57.37739829972394,-60.635245126169885,-63.80259576023885,-66.8584404238101,-69.77082662758271,-72.48505213186709,-74.88515698931973,-76.52503289634434,-79.91324291615433,-83.21301503907478,-86.40556670032508,-89.46306628633349,-92.33987223643226,-94.9470792759077,-97.02939811852424,-100.5245153560619,-103.93382749123202,-107.24045135930253,-110.41995122307503,-113.43370854357188,-116.21136043714219,-118.58281944242103,-122.16906676203394,-125.6723198461901,-129.0773261553648,-132.36247175330263,-135.49467397031938,-138.4168460153443,-141.00643009468854
-2.4260884682067667,-4.841997436718972,-7.226223720542716,-9.553357003446065,-11.789421180096953,-13.881475624247225,-15.72535864220869,-16.95835326078084,-19.887126419437752,-22.747226507926133,-25.519794871820583,-28.17757774201039,-30.67688591403305,-32.93464458697521,-34.721373899306535,-37.90349418068793,-41.010318648313564,-44.025126639245435,-46.923981263392896,-49.66947797689632,-52.19438723871256,-54.339751672021286,-57.692632436315506,-60.969108883944195,-64.15407637275167,-67.22626698915406,-70.15336054472732,-72.88009720323085,-75.28957638358122,-76.93355135567693,-80.34079022085825,-83.65863102640576,-86.86805755182922,-89.94091052436843,-92.83106323106138,-95.4488273186269,-97.53738656772917,-101.05187028295533,-104.47964227986854,-107.80360735040624,-110.99903656429689,-114.0268860524417,-116.81612966474293,-119.19549433425175,-122.80140761242583,-126.323471554507,-129.74624067321454,-133.04783761049407,-136.194804304861,-139.12948478003736,-141.72836173602815
-2.440922214076112,-4.871540089277926,-7.270088467075901,-9.610854605380776,-11.859478177731676,-13.96247698819544,-15.814812063536897,-17.05180033283758,-19.998099334396795,-22.87492748591738,-25.66320100432587,-28.335354481361765,-30.847241395348036,-33.11505281107707,-34.90788051740946,-38.10838197436599,-41.23276135332602,-44.26409516117547,-47.17816706741204,-49.937168498309646,-52.4732419513753,-54.62631185271962,-57.99805270403459,-61.292587104653286,-64.49462523758957,-67.58264683090572,-70.52397288497261,-73.26280119592842,-75.68132105993858,-77.32923334438759,-80.75491586893484,-84.09026484888948,-87.3160355663401,-90.40374881171047,-93.30680545554216,-95.9347580945288,-98.02932099539767,-101.56257520945205,-105.00823482634178,-108.34899722349977,-111.55984703294979,-114.60132581878726,-117.40176347568851,-119.78874302513628,-123.41371703859895,-126.9540093832455,-130.39398579973954,-133.71151146064366,-136.8727621044455,-139.81952835799206,-142.42736506532458
-2.455328455767922,-4.900230309840781,-7.312683869549469,-9.666680394642952,-11.927483955245737,-14.04108421053941,-15.90159038834732,-17.142424471457744,-20.105728350835136,-22.99878244082953,-25.80228281182337,-28.48835965692983,-31.01242079900318,-33.28994480490806,-35.08864640880371,-38.3069738977464,-41.448373846934345,-44.49572437696144,-47.42453612500206,-50.196606579439056,-52.74346818535602,-54.90396545726169,-58.2939928601727,-61.606032602705376,-64.82461371867309,-67.92796927837406,-70.88307020586728,-73.63358679930678,-76.06082773457477,-77.71252347995431,-81.15608411257381,-84.50839986466468,-87.75000261405299,-90.85210081285774,-93.76763537523358,-96.40542315439818,-98.5057639005704,-102.05721268742117,-105.52020719879238,-108.87724197048348,-112.10302185118972,-115.15768438811011,-117.96893430551114,-120.3632508215174,-124.0067007311922,-127.56465886946619,-131.02130633198254,-134.35425669105365,-137.5293285097758,-140.48777441606984,-143.1042519628161
-2.469319364009965,-4.928092421638068,-7.354046345159844,-9.720882768100617,-11.993498675517184,-14.117368780462472,-15.98577534281228,-17.23031378774748,-20.210117301245745,-23.118910655690048,-25.937174701265114,-28.636742373979573,-31.17258728680934,-33.459496573906904,-35.263857252233976,-38.499472995764236,-41.6573761548927,-44.72025085930296,-47.66334103678592,-50.4480601504773,-53.00534805615473,-55.173006286198344,-58.58076495532024,-61.9097752410565,-65.14438901109197,-68.26259830651256,-71.23103256497899,-73.99284911504112,-76.42850456074576,-78.08383722245497,-81.54472875593788,-84.91348772238419,-88.17042762736355,-91.28645206614355,-94.21405419501968,-96.8613377464,-98.96724067998812,-102.53632684343255,-106.01612174706395,-109.38892160549847,-112.62915804327058,-115.69657493837876,-118.51827013050858,-120.91965764962934,-124.5810176529252,-128.1560975049115,-131.62889773773446,-134.97678611426596,-138.16523288874316,-141.13496771800905,-143.75978040372505
-2.482906350567031,-4.955149231288195,-7.394210040979172,-9.773507106661263,-12.057578752688162,-14.191397729443615,-16.067443541363193,-17.315550843022272,-20.311363489470484,-23.235423919064292,-26.068002635554514,-28.78064236543601,-31.32789375137479,-33.62387301626638,-35.433686951300466,-38.68606944097324,-41.85997435264455,-44.93789617492075,-47.894818368654846,-50.69178011389589,-53.259145716052736,-55.43370937348639,-58.85866110808502,-62.20412380813811,-65.4542761184054,-68.58687461142112,-71.56821569087103,-74.34095791969047,-76.78473347538387,-78.44356327606813,-81.9212556633729,-85.3059509741284,-88.57774931617394,-91.70725679863558,-94.64653077005873,-97.30298381640847,-99.4142427004031,-103.00042656093817,-106.49650439265642,-109.88457856027716,-113.13881393348845,-116.21857087699047,-119.05035815832147,-121.45856182762533,-125.13728392295977,-128.7289587304581,-132.21741025768344,-135.57976617513657,-138.78115714501232,-141.76180452973878,-144.39465895129885
-2.4961001280115678,-4.981422148224183,-7.433207012679772,-9.824596012641063,-12.119777147113233,-14.263233981993473,-16.146666889475533,-17.398213088447957,-20.409558206931706,-23.34842711706462,-26.194884800291256,-28.920190731980355,-31.47848362754429,-33.783228802075044,-35.59829857008096,-38.86694155597317,-42.056361673360925,-45.14886807679075,-48.119189926456265,-50.92800169927655,-53.505108785448556,-55.686332485735164,-59.127955097487856,-62.4893677019335,-65.75457962672442,-68.90111747245749,-71.89495293076158,-74.67825969435997,-77.12987230390024,-78.79206574265002,-82.2860450086372,-85.68618541846075,-88.97237860267239,-92.11494045009596,-95.0655042155233,-97.73081269782328,-99.84723005249833,-103.44998833262909,-106.961847577613,-110.36472072740277,-113.63251228126892,-116.72420906444157,-119.56574813528147,-121.98052344564178,-125.67607629748618,-129.28383551527847,-132.7874525809786,-136.16382072028784,-139.37773957826775,-142.3689365660826,-145.00955078179712
-2.5089107634934953,-5.006931292130792,-7.471067385317973,-9.874189523311344,-12.180143630715408,-14.332936671214872,-16.223512946061255,-17.47837326048207,-20.50478719704117,-23.458018765987493,-26.317932203690216,-29.055510607994037,-31.62449162254442,-33.93770916434613,-35.7578451747961,-39.042256733202365,-42.246719504766666,-45.35336157671027,-48.33666390271009,-51.156945682070415,-53.74346964033771,-55.931117470551854,-59.38890379507795,-62.765778444520144,-66.04558530015093,-69.2056264267687,-72.21155700188633,-75.00507944966279,-77.46425665247988,-79.1296860574701,-82.63945329657804,-86.05456220637893,-89.35470080964375,-92.50990194133517,-95.47138625190226,-98.14524752862103,-100.26663402516266,-103.88545882311239,-107.41261291386112,-110.82982419435052,-114.11074309759435,-117.21399271019136,-120.06495531724833,-122.48606740163049,-126.19793529579977,-129.82128357139015,-133.3395951462762,-136.72953438336768,-139.9555783508751,-142.956974534882,-145.60507729863957
-2.5213477272203892,-5.031695589812976,-7.507819498303366,-9.922325303445085,-12.238725026255544,-14.400561423353796,-16.29804525025137,-17.55609973735698,-20.597131073923784,-23.564291492603747,-26.437249217576433,-29.186717762114974,-31.76604437444107,-34.087450612345144,-35.912470592632715,-39.21217226423202,-42.43121828790214,-45.551559912342235,-48.54743591048124,-51.37881948237343,-53.97444657295205,-56.168291471851724,-59.64174845574415,-63.033611047150636,-66.32756151872783,-69.50068277846144,-72.5183215698236,-75.3217223702481,-77.78820161308094,-79.4567447329901,-82.98181518429695,-86.41142973834395,-89.72507763161376,-92.89251571735949,-95.86456331732863,-98.54668542811655,-100.67285933345173,-104.30725717643877,-107.84923356872065,-111.28033570518589,-114.57396618078386,-117.68839397983727,-120.54846314411157,-122.9756861340874,-126.70336801422997,-130.3418242471699,-133.8743731130387,-137.27745563205428,-140.51523460803423,-143.5264913267109,-146.1818213849018
-2.5334199362619705,-5.055732862722284,-7.543490036388831,-9.969038819300282,-12.295565423541644,-14.466160614937362,-16.370323616697874,-17.6314568611295,-20.686665700755153,-23.667332468168144,-26.55293406628003,-29.313921139975175,-31.903261047205255,-34.23258157620888,-36.062310097324364,-39.37683608904386,-42.61001832917585,-45.74363542095533,-48.751689917475005,-51.59381815761422,-54.19824484025511,-56.39806802756297,-59.886715883610115,-63.29310524320815,-66.60076057717058,-69.78655096159963,-72.81552267386883,-75.62847529985127,-78.1020033029092,-79.7735429330351,-83.31344512515153,-86.75711537671901,-90.08384891412602,-93.26313359155617,-96.24539847409453,-98.93549946146524,-101.06628612900107,-104.71577709828276,-108.27211641740118,-111.71667488174367,-115.02261340442966,-118.14785634735784,-121.01672565262426,-123.44984208716473,-127.1928506644716,-130.8459471374291,-134.3922890417114,-137.80809951643784,-141.05723529203493,-144.07802489173397,-146.74033033658426
-2.545135794210501,-5.079059906203283,-7.578104148270462,-10.014363496150086,-12.350706375198516,-14.529783605612984,-16.440404402970504,-17.704505229214256,-20.773462532301476,-23.767223801401716,-26.665079269341483,-29.4372233556761,-32.036253869573876,-34.37322299064582,-36.20749102980389,-39.53638747437161,-42.78327053554561,-45.92975033044539,-48.94959909167577,-51.80212530119353,-54.415057613025375,-56.620648063092005,-60.12401948721012,-63.5444866040536,-66.86541986020654,-70.06347977365112,-73.10342001685748,-75.9256080850172,-78.40594025722193,-80.08036389670683,-83.63463885580862,-87.09192699468467,-90.43133426305471,-93.6220864136377,-96.61423313286737,-99.31204041617282,-101.44727181779015,-105.11138873857033,-108.68164398916585,-112.13923623183146,-115.45709078588129,-118.59279672163768,-121.47016965756957,-123.90896993887289,-127.66683086794455,-131.3341124425815,-134.89381531619662,-138.3219501530691,-141.5820756857513,-144.6120808396583,-147.28111851335657
-2.5565032271587986,-5.101692561382512,-7.611685554177724,-10.058330861192491,-12.404187074274116,-14.591476949393938,-16.508340752154428,-17.77530195880358,-20.85758892564814,-23.86404289501147,-26.773772043162925,-29.556721137699046,-32.1651286239508,-34.50948882448784,-36.34813336115303,-39.69095762899649,-42.9511170813771,-46.110057476836715,-49.14132656836682,-52.00391385753747,-54.6250668365919,-56.83622079216352,-60.35386023628146,-63.78796755081361,-67.12176290827419,-70.331703493826,-73.38225813455371,-76.21337479326658,-78.70027469184201,-80.37747422884766,-83.94567474390772,-87.41615437992857,-90.76783450297721,-93.96968558107883,-96.97138861502887,-99.67663841168485,-101.81615270687658,-105.49444039695094,-109.0781762303236,-112.54839096837134,-115.87778035992585,-119.02360737263615,-121.90919672730328,-124.35347861902582,-128.12572973363277,-131.80675310513976,-135.37939633763267,-138.81946297443596,-142.09022171586932,-145.12913479397693,-147.80466973862718
-2.5675297163980346,-5.123645780503461,-7.6442566436561,-10.100970673435818,-12.456044515665189,-14.65128458666763,-16.574182813354348,-17.843900927137167,-20.939108422589175,-23.95786276972374,-26.879094666079776,-29.67250573421457,-32.28998509078983,-34.64148656199205,-36.484350204144235,-39.84067026287247,-43.113692014429354,-46.28470095627936,-49.32702614710422,-52.19934686268179,-54.82844401286335,-57.04496453515463,-60.576427530922,-64.02374827347927,-67.37000038556442,-70.59144289889032,-73.65226745777649,-76.49201481944488,-78.98525364965151,-80.66512507169475,-84.24681501162829,-87.73007050904708,-91.09363300117599,-94.3062244112329,-97.31716757092093,-100.0296043604065,-102.17324549892408,-105.86526007061437,-109.4620521042169,-112.9444886603,-116.2850418791237,-119.44065767927901,-122.33418497634317,-124.7837531401299,-128.56994374329716,-132.2642767481177,-135.84945051472457,-139.30106676977044,-142.58211204238717,-145.62963452765612,-148.3114394766539
-2.5782223281865893,-5.1449336864093915,-7.675838564592341,-10.142311041954379,-12.5063136430941,-14.70924801902488,-16.637977942468538,-17.910352990209972,-21.018081006710997,-24.04875235930542,-26.981124810762285,-29.784663282128637,-32.41091745321508,-34.76931764104802,-36.61624827887523,-39.985642096088945,-43.27112180747695,-46.45381671854726,-49.50684292613645,-52.38857811835395,-55.025350912075325,-57.24704746376477,-60.79189999250416,-64.25201756724981,-67.61033096087287,-70.84290618744933,-73.91366527876978,-76.76175389225551,-79.26111004352921,-80.94355317050912,-84.53830684851621,-88.03393270657587,-91.40899687173813,-94.63197938913468,-97.65185526952736,-100.37123129617444,-102.51884865095785,-106.22415686147635,-109.8335910458092,-113.3278587334022,-116.67921435953141,-119.84429571834549,-122.74549069479326,-125.20015626146441,-128.9998464649151,-132.70706743678647,-136.30437207265905,-139.76716553978994,-143.05815995754708,-146.11400190395682,-148.8018568108779
-2.588587740897565,-5.165569626788619,-7.706451304401972,-10.182378533735374,-12.55502748315348,-14.765406468712825,-16.699770885302723,-17.974706182184907,-21.09456333782702,-24.136776779616053,-27.079935847371637,-29.89327514366547,-32.52801466604465,-34.89307785280613,-36.743928337314635,-40.12598332293393,-43.42352586127163,-46.617533108173866,-49.68091388083269,-52.57175280653259,-55.21594022163614,-57.44262827976633,-61.00044618457191,-64.47295359482297,-67.84294211043351,-71.08628982233014,-74.16665663189599,-77.02280499149052,-79.52806360664876,-81.21298184437539,-84.82038342526484,-88.32798370083653,-91.71417807242186,-94.94721130412998,-97.97572077318723,-100.70179558420723,-102.85324361173151,-106.57142225763403,-110.19309428628233,-113.69881183698583,-117.06061748820755,-120.2348497112182,-123.14344983192056,-125.60303000407227,-129.41579011259512,-133.13548728255384,-136.744532699884,-140.21814018515204,-143.51875511446312,-146.5826346431208,-149.27632624463916
-2.598632269815054,-5.185566223721834,-7.736113764186452,-10.221198272189135,-12.602217267750433,-14.819797024294282,-16.759603944841384,-18.03700589750024,-21.1686089660959,-24.22199757436313,-27.175597120478415,-29.99841821382463,-32.64136079287697,-35.0128577066946,-36.86748555099087,-40.26179803568097,-43.5710169638531,-46.7759713586163,-49.84936839188554,-52.74900805061557,-55.400356138554145,-57.63185683463821,-61.20222527094597,-64.68672458227522,-68.06801085078774,-71.32177929952184,-74.41143509750424,-77.27536918518962,-79.78632175972261,-81.47362187199995,-85.09326481871678,-88.61245258729687,-92.00941440541108,-95.2521662868659,-98.28901800927329,-101.02155802484492,-103.17669595032939,-106.90733130216832,-110.54084606116562,-114.0576410903579,-117.42955290688707,-120.6126293432959,-123.52837934907825,-125.99269703220556,-129.81810696897512,-133.5498779054314,-137.17028304966425,-140.6543500459723,-143.96426510321905,-147.03590793310192,-149.73522934282877
-2.608361889816842,-5.204935419006423,-7.764843826570659,-10.258794027266319,-12.647912546122289,-14.87245477390666,-16.817517134276386,-18.097295057423082,-21.24026852787674,-24.30447293991307,-27.268174202391283,-30.100165201650693,-32.751035314461284,-35.12874276431698,-36.98700986554923,-40.393184612168696,-43.71370171061848,-46.929246044193036,-50.01232872836277,-52.92047342859319,-55.578734911152566,-57.814874696069275,-61.39738761739653,-64.89348945525826,-68.28570440877728,-71.54954985111598,-74.64818353676304,-77.51963639485199,-80.03608040362643,-81.72567230115489,-85.35715885711953,-88.88755570885714,-92.2949304317418,-95.54707675678898,-98.59198674933373,-101.3307648619074,-103.48945638710727,-107.23214366079449,-110.8771147138906,-114.40462322137898,-117.78630538447709,-120.97792696908469,-123.90057845533691,-126.36946191489436,-130.20711068418063,-133.95056176956723,-137.5819541112851,-141.07613430766034,-144.3950368900644,-147.4741759003285,-150.1789262307918
-2.61778225615324,-5.223688515676674,-7.792658417847501,-10.295188298014397,-12.6921412874579,-14.923412927349435,-16.87354831720425,-18.15561426259364,-21.309589925132613,-24.384257931233403,-27.357729125232307,-30.19858488790844,-32.85711341119558,-35.240813945312944,-37.102586325464934,-40.52023607076504,-43.85168088904255,-47.07746549398353,-50.169910490087574,-53.08627144298977,-55.751205335108054,-57.991815666614734,-61.586075342495015,-65.09339842144755,-68.4961808349155,-71.7697670888157,-74.87707476433071,-77.75578609586783,-80.2775246448447,-81.96932118939387,-85.61226189360107,-89.1534974613628,-92.57093830802928,-95.83216228909943,-98.88485350495439,-101.62964870521944,-103.79176173675982,-107.54610459850048,-111.20215370525548,-114.740019607919,-118.13114388952714,-121.33101871444087,-124.26032973760124,-126.73361227968599,-130.58309746374982,-134.3378434046038,-137.97985846400934,-141.48381328651843,-144.81139813348116,-147.89777295458276,-150.60775696485558
-2.6268987235074244,-5.241836216090321,-7.819573564983987,-10.330402388309462,-12.7349299750387,-14.972702928086917,-16.9277333362402,-18.212001932926103,-21.376618489984253,-24.46140465080172,-27.444320593825353,-30.293742361456886,-32.95966622226633,-35.34914780790786,-37.214295371818835,-40.643040395891546,-43.98504983149038,-47.220732171393664,-50.3222230133085,-53.2465179517859,-55.917889208266295,-58.162806259176875,-61.768422822606944,-65.28659350449165,-68.69958956566853,-71.98258759382065,-75.09827216494064,-77.98398795950739,-80.51082946031627,-82.20474628278212,-85.85875951490803,-89.41047103168192,-92.83763855312307,-96.10763040907119,-99.16783234852394,-101.91842937574233,-104.0838357721658,-107.84944587413415,-111.51620253806556,-115.06407723177885,-118.46432257252964,-121.6721654861031,-124.60790019561802,-127.08541986919778,-130.94634715648536,-134.71201052413315,-138.36429142536485,-141.87768960697798,-145.21365838928605,-148.30701502044002,-151.02204278717932
-2.6357163635015475,-5.25938865690957,-7.845604447979767,-10.364456476415395,-12.776303692709487,-15.020354556129183,-16.980106131154795,-18.266494436076098,-21.44139713583312,-24.5359624221079,-27.52800418122871,-30.3856992363546,-33.05876108365893,-35.453816806567765,-37.322213115712415,-40.761680836922956,-44.113898739173024,-47.35914302266959,-50.46936974316976,-53.40132256405439,-56.07890174818135,-58.32796613344962,-61.944557155422785,-65.47320903411322,-68.89607193954612,-72.1881594582336,-75.31193025928592,-78.20440244208133,-80.73616030750695,-82.43211563861104,-86.0968271916428,-89.65865907484476,-93.0952207514441,-96.37367732074173,-99.44112566614716,-102.19731468078383,-104.36589001666857,-108.14238656087149,-111.8194876051512,-115.37702955354408,-118.78608166677444,-122.0016138974872,-124.94354219108592,-127.42514150990309,-131.29712425193372,-135.0733350512255,-138.73553210401062,-142.25804928098518,-145.60211021553496,-148.70220066627837,-151.4220872761604
-2.644239980794447,-5.276355441268007,-7.870765448014186,-10.397369678949385,-12.816286204398253,-15.066396022646229,-17.030698847515286,-18.31912620554909,-21.5039664963142,-24.60797794919414,-27.60883250853841,-30.474513851501477,-33.15446174701817,-35.554889528905186,-37.426411589609586,-40.87623618296149,-44.2383129799551,-47.49278979727541,-50.61144857609957,-53.55078900362501,-56.234351975883186,-58.48740849700203,-62.114598585930416,-65.65337209649041,-69.08576167135344,-72.38662278255624,-75.51819522398267,-78.41718132625611,-80.95367368488154,-82.65158819739611,-86.32663087553479,-89.89823433601298,-93.34386419899812,-96.63048857618716,-99.70492484913548,-102.46650112591676,-104.63812447158713,-108.42513379960432,-112.11222296804111,-115.67909731588202,-119.09664831549765,-122.3195971187049,-125.26749431903792,-127.75302000150641,-131.6356787960968,-135.42207405988106,-139.09384436626857,-142.62516269885745,-145.9770301867785,-149.0836121406244,-151.80817740236054
-2.6524741279006907,-5.2927456683825795,-7.895070191769701,-10.429160109768864,-12.854900027324796,-15.110854057075903,-17.07954193670514,-18.36992984940523,-21.564365053199552,-24.677495463517847,-27.68685541040915,-30.560241454423117,-33.24682858112003,-35.65243091374559,-37.52695897864103,-40.986781015710065,-44.358373362424715,-47.62175934272857,-50.74855217489106,-53.695015443728025,-56.38434306899194,-58.64124047427103,-62.27866089830307,-65.82720294859341,-69.2687852884753,-72.5781101333398,-75.71720536986606,-78.62246821895924,-81.16351764737779,-82.86331430887262,-86.54832754866945,-90.12936022240811,-93.58373849739726,-96.87823969091137,-99.95941092979346,-102.72617456950317,-104.90072828499925,-108.69788349150555,-112.39461107276128,-115.97048928196132,-119.39623733220586,-122.62633565788333,-125.57998220875952,-128.06928493433455,-131.9622472330238,-135.7584706402695,-139.4394777244001,-142.97928553989664,-146.3386798261548,-149.45151632451365,-152.18058449880598
-2.660423118846561,-5.308567960841659,-7.918531592277348,-10.459844934238859,-12.892166499468427,-15.153753987403626,-17.12666424810062,-18.418936250412326,-21.622629254252065,-24.74455685928303,-27.762120087583,-30.642934370629874,-33.335918757525434,-35.74650245205678,-37.623919833685505,-41.09338594242716,-44.474156388374816,-47.746133876205775,-50.88076825894852,-53.834094815245834,-56.52897268695829,-58.7895634463774,-62.43685177679781,-65.99481539974963,-69.44526253264209,-72.76274696461132,-75.90909158240719,-78.82039900982404,-81.36583228098081,-83.0674362161862,-86.76206572905947,-90.35219132976725,-93.8150041006373,-97.11709671027161,-100.20475516659236,-102.97651082507369,-105.15388036717573,-108.96082093534334,-112.66684340852014,-116.25140291493928,-119.68505190030214,-122.92203808008651,-125.88121926070933,-128.37415344135553,-132.2770531790916,-136.08275469475942,-139.7726681538174,-143.3206596101338,-146.68730646287395,-149.8061656075906,-152.53956515354292
-2.6680910417662433,-5.32383048977546,-7.941161886592909,-10.489440419289682,-12.928105841803957,-15.195119814219264,-17.17209311409972,-18.46617465840725,-21.678793621921674,-24.80920181826326,-27.834671247577877,-30.722642159829434,-33.421786421818126,-35.837162372261574,-37.71735526784857,-41.19611781073402,-44.58573448561473,-47.86599123498425,-51.00817987190773,-53.9681150909212,-56.66833327091208,-58.93247336436728,-62.58927313842878,-66.15631716336122,-69.61530673025796,-72.94065200630989,-76.09397772763496,-79.01110229370155,-81.56075014005818,-83.26408850202631,-86.96798593647284,-90.56687392740436,-94.03781281886913,-97.34721673133525,-100.44111958327582,-103.21767621624836,-105.39774995746632,-109.21412141451661,-112.92910111442083,-116.52202500382268,-119.96328421747991,-123.20690166946002,-126.17140732521052,-128.6678308907233,-132.58030813604782,-136.39514367098286,-140.09363884564434,-143.64951361378448,-147.02314402183185,-150.14779869483783,-152.88536203147538
-2.6754817705305136,-5.3385409980932925,-7.962972670579854,-10.517961979631542,-12.962737215761418,-15.234974279092683,-17.215854428625484,-18.51167277554589,-21.73289085368223,-24.87146792503128,-27.904551234566448,-30.79941176013705,-33.50448285168166,-35.92446581129403,-37.80732313778786,-41.29503990685777,-44.693176222828534,-47.981405107565905,-51.130865628605726,-54.097159547622084,-56.80251232033904,-59.07006103820631,-62.73602143988703,-66.31181018138952,-69.77902513404588,-73.11193762262468,-76.27198102658815,-79.19469976039319,-81.74839665072778,-83.45339850005256,-87.16622112201642,-90.77354640552215,-94.25230828295298,-97.56874838409539,-100.66865746595991,-103.44982808838685,-105.63249714692687,-109.45795073825497,-113.18155553879438,-116.78253224044374,-120.23111608976997,-123.48111303962295,-126.45073732806843,-128.9505115241181,-132.8722121482422,-136.69584323751604,-140.40260090035784,-143.96606386429286,-147.34641375137372,-150.47664135009074,-153.21820463176624
-2.682598975490674,-5.352706821952905,-7.983974931046344,-10.545424220454477,-12.996078776317518,-15.27333892775304,-17.25797271966096,-18.55545683505065,-21.784951914724033,-24.931390773415206,-27.971800149368956,-30.873287621308645,-33.584056602939704,-36.00846497261811,-37.89387821118392,-41.390212138729886,-44.796546508018515,-48.09244524713962,-51.24889994317042,-54.22130700854541,-56.931592648574934,-59.2024124036113,-62.87718796092148,-66.46139092394851,-69.93651923847737,-73.27671014282541,-76.44321240100788,-79.37130655442944,-81.92889048318932,-83.6354866746136,-87.35689706460855,-90.97233968803906,-94.45862637318746,-97.7818322755623,-100.88751382186437,-103.6731152807175,-105.8582733605281,-109.69246574096037,-113.42436875526572,-117.0330917517945,-120.4887194796123,-123.74484869680238,-126.71938984772724,-129.2223790455983,-133.1529544089033,-136.9850479071693,-140.6997539676378,-144.27051494022288,-147.65732489459262,-150.79290708184368,-153.53830998641672
-2.6894461334119004,-5.366334910610176,-8.00417907545815,-10.571840976908254,-13.028147721084864,-15.310234168507106,-17.298471216315775,-18.59755167400201,-21.83500612364356,-24.989004064916973,-28.036455960388455,-30.94431182791664,-33.660553644568544,-36.08920927230218,-37.977072321521014,-41.48169120521297,-44.895906771913516,-48.19917766886673,-51.36235323981791,-54.34063206704799,-57.05565261890128,-59.32960876858947,-63.01285906616732,-66.60515066610827,-70.08788507120006,-73.43507016690859,-76.607776792701,-79.54103160742739,-82.10234389564694,-83.81046697144829,-87.54013273714956,-91.16337761385738,-94.65689561525465,-97.98660139988344,-101.09782580293538,-103.88767856230616,-106.0752218023879,-109.91781474325585,-113.65769403923852,-117.27386159152391,-120.73625701187194,-123.99827555974115,-126.97753564810125,-129.4836071651907,-133.42271381981215,-137.26294161236197,-140.9852868370216,-144.5630602907108,-147.95607530899147,-151.0967977762848,-153.84588330506068
-2.696026536662732,-5.3794318447824185,-8.023594959426928,-10.597225350627056,-13.058960335728033,-15.34567932628784,-17.33737191087383,-18.637980800665268,-21.88308123170705,-25.044339699754417,-28.098554606233556,-31.012524213295677,-33.73401748358892,-36.166745474132945,-38.05695451122586,-41.56953075260042,-44.99131513758269,-48.30166483232453,-51.4712921477851,-54.45520529362222,-57.1747663628465,-59.45172704136591,-63.14311644720697,-66.74317574379627,-70.23321346245234,-73.58711284814765,-76.76577345875866,-79.70397794530442,-82.26886305218517,-83.978447141786,-87.71604064491466,-91.34677728920235,-94.84723754611389,-98.18318151732481,-101.29972309728899,-104.09365103488423,-106.28347786711853,-110.13413797794291,-113.881676308109,-117.50499119401353,-120.97388244131777,-124.2415514399967,-127.22533617079256,-129.7343601010131,-133.6816595082801,-137.52969823659961,-141.2593779834888,-144.84388279471008,-148.24285203884025,-151.38850428198802,-154.14111857048962
-2.7023433017206475,-5.392003853645125,-8.042231912153138,-10.621589743537102,-13.088532036002302,-15.379692692685015,-17.37469561622621,-18.676766456794027,-21.929203496206476,-25.09742786112166,-28.158130090698496,-31.07796246500198,-33.804489280652916,-36.241117814652895,-38.133571164105696,-41.65378151941856,-45.08282657737066,-48.39996581030895,-51.57577968168193,-54.5650934273817,-57.28900398213515,-59.56883994121077,-63.268037346469235,-66.87554779049496,-70.37259029425431,-73.73292815442511,-76.91729624459458,-79.86024297239473,-82.42854831672084,-84.13952904201798,-87.88472713843734,-91.5226494133953,-95.02976705229992,-98.37169150465954,-101.49332829110799,-104.29115850524917,-106.48316952006749,-110.34156798374553,-114.09645252818352,-117.72662179410199,-121.2017410847271,-124.47482548588371,-127.46294399003257,-129.97479304334007,-133.9299513049426,-137.7854821056651,-141.52219607168487,-145.113155277831,-148.51783184412358,-151.66820695024478,-154.42419908897037
-2.7083993770478063,-5.404056830570157,-8.060098759985266,-10.644945889161864,-13.116877406681825,-15.41229157227514,-17.41046201905379,-18.713929675308442,-21.97339774837537,-25.148297093204036,-28.215214570704617,-31.140662222457035,-33.872007957061484,-36.31236811891856,-38.206966127934564,-41.73449147045852,-45.17049305815918,-48.49413644507793,-51.675875408419856,-54.67035955328674,-57.39843173558478,-59.6810161935279,-63.3876947644129,-67.0023439562649,-70.50609673098587,-73.87260111003754,-77.06243383657173,-80.00991873431256,-82.58149452494337,-84.29380891089627,-88.04629270292705,-91.69109858018919,-95.20459268283702,-98.55224367925605,-101.67875720336185,-104.48031982968055,-106.67441764895244,-110.54022996943053,-114.3021520909778,-117.93888681522132,-121.41997022046225,-124.69823859298647,-127.69050323334886,-130.20505258367928,-134.1677401855276,-138.03044844177077,-141.77390042211795,-145.37104099019558,-148.7811816895803,-151.93607613461532,-154.6952979990063
-2.714197550385673,-5.415596347702758,-8.077203848241052,-10.667304881618382,-13.144010237617653,-15.443492325536539,-17.444689729088015,-18.74949033370708,-22.015687456285924,-25.196974373430994,-28.26983843774786,-31.20065716738031,-33.93661029387586,-36.3805359076987,-38.27718082795368,-41.81170592087525,-45.25436367586283,-48.58422949301217,-51.77163560176076,-54.771063266219315,-57.50311221212292,-59.78832071043311,-63.5021576512992,-67.12363711047318,-70.63380943280596,-74.00621201949957,-77.20126999581335,-80.15309216122476,-82.72779123596744,-84.44137762602355,-88.20083222606232,-91.8522235565853,-95.37181693876293,-98.72494409893261,-101.8561191954873,-104.66124723257396,-106.85733638914505,-110.73024215063967,-114.49889716131159,-118.14191222843648,-121.62869945808549,-124.91192378388011,-127.90814997066497,-130.42527711162495,-134.3951686794471,-138.26474378360138,-142.0146414423377,-145.61769404839217,-149.0330591969945,-152.1922726529292,-154.95457874183478
-2.7197404555125635,-5.42662766946536,-8.093555061422386,-10.688677202479571,-13.169943557142883,-15.473310408607984,-17.477396324746657,-18.78346720353644,-22.05609478310808,-25.24348517940366,-28.322030393344285,-31.257979107557308,-33.99833102372197,-36.44565849676153,-38.34425437197665,-41.88546765110841,-45.33448477997696,-48.67029475857383,-51.86311338542807,-54.86726082290887,-57.603104490982226,-59.89081475793023,-63.611491084730595,-67.23949602947253,-70.75580075322424,-74.13383667472333,-77.33388377463837,-80.28984529303368,-82.86752296525465,-84.58232094122596,-88.34843524582234,-92.00611754086249,-95.53153654106157,-98.88989283944302,-102.0255174579569,-104.83404660127938,-107.0320334246371,-110.9117160615392,-114.6868029993756,-118.33581688463394,-121.82805108032595,-125.11600655943919,-128.11601257427282,-130.63559718198195,-134.61237124777924,-138.48850637488735,-142.2445610258061,-145.8532598443091,-149.27361306358267,-152.43694821464362,-155.20219549662758
-2.7250305785038487,-5.437155765067595,-8.109159841942684,-10.709072745660272,-13.194689663021013,-15.501760410124115,-17.50859839541253,-18.81587799621077,-22.09464064107435,-25.28785355089153,-28.37181751891801,-31.31265805443647,-34.05720291582915,-36.50777108883799,-38.408223647724505,-41.95581701330842,-45.41090008891848,-48.752379218360005,-51.950358865632005,-54.95900528261428,-57.698464290030245,-59.98855611068695,-63.71575643401964,-67.34998557035567,-70.8721389220104,-74.25554654681699,-77.46034971692158,-80.42025548782503,-83.00076940020847,-84.71671970624493,-88.48918617985663,-92.15286840138172,-95.68384267862824,-99.04718425127636,-102.18704927547591,-104.9988177589374,-107.19861026652416,-111.08475684318772,-114.8659782587362,-118.52071282188777,-122.01814035948739,-125.31060522388115,-128.31421205188096,-130.8361358544106,-134.81947463295802,-138.70186652389103,-142.46379292090697,-146.07787542335643,-149.50298344904795,-152.6702458161869,-155.43829358307246
-2.7300702635308243,-5.447185320094439,-8.124025207474437,-10.728500840470108,-13.218260151115224,-15.528856085338944,-17.53831158059801,-18.846739405447167,-22.13134474146174,-25.33010214725542,-28.41922534053402,-31.364722295001712,-34.11325685479328,-36.56690685879198,-38.46912341295542,-42.022792029885096,-45.48365079682864,-48.83052713597126,-52.03341925377913,-55.046346637380815,-57.789244103098866,-60.08159919531611,-63.81501151235025,-67.45516683180313,-70.98288821451351,-74.37140896362828,-77.58073804355622,-80.544395614808,-83.1276055997152,-84.84465007004928,-88.62316453775168,-92.292558897581,-95.82882123773787,-99.19690719729506,-102.34080627238299,-105.1556547169366,-107.35716251066818,-111.24946351034305,-115.0365252620559,-118.69670554983783,-122.19907585018706,-125.49583118548821,-128.502862354732,-131.02700900762983,-135.0165981822684,-138.9049469359626,-142.6724630723089,-146.2916698343462,-149.72130233362407,-152.89230010666233,-155.66300983375825
-2.734861718230779,-5.456720747237515,-8.138157767014185,-10.746970272962313,-13.240665941939122,-15.554610387728438,-17.566550606214705,-18.8760671465555,-22.166225640872195,-25.370252300619725,-28.464277888839714,-31.4141984583248,-34.16652191350745,-36.623097032478086,-38.52698637890062,-42.086428484737795,-45.552775672443794,-48.904780168347166,-52.112338980063306,-55.12933193261286,-57.875493327096045,-60.16999522298216,-63.909310717601926,-67.5550973029448,-71.08810910836064,-74.48148727404984,-77.6951148240821,-80.66233423285516,-83.24810217877884,-84.96618366894127,-88.75044511742047,-92.4252668844377,-95.96655301434285,-99.33914527258598,-102.48687463967583,-105.30464590845652,-107.5077800760377,-111.4059291982599,-115.19854025613427,-118.86389431273581,-122.37095966013065,-125.67178923476023,-128.68207066258685,-131.20832563001431,-135.20385414703713,-139.09786302110962,-142.8706899366772,-146.4947644530785,-149.92869384920715,-153.103237726056,-155.87647293854855
-2.7394070186777686,-5.465766196228489,-8.151563735753165,-10.764489305695701,-13.261917305234512,-15.579035498245272,-17.59332931814725,-18.90387599280015,-22.199300784066633,-25.408324065086518,-28.50699775454499,-31.461111577163642,-34.21702542066199,-36.67637095972205,-38.58184328746941,-42.14676000767331,-45.61831115058276,-48.97517746415938,-52.18715979856942,-55.20800537863358,-57.9572583796088,-60.25379231207496,-63.99870516262513,-67.64983100106912,-71.18785842841324,-74.58584100000868,-77.80354213544413,-80.77413575564746,-83.36232547929212,-85.08138780052185,-88.87109818672707,-92.55106550155668,-96.09711391040406,-99.4739770077722,-102.62533534495168,-105.44587440442548,-107.6505474250853,-111.55424139088674,-115.35211364772502,-119.02237233266126,-122.5338877004707,-125.8385778015894,-128.85193764720765,-131.38018808825302,-135.38134795923554,-139.2807231783446,-143.05858477454717,-146.68727328149004,-150.12527458547515,-153.30317761789146,-156.07880376292502
-2.743708113980781,-5.474325563027907,-8.164248948833436,-10.781065696015823,-13.282023882708014,-15.602142852382574,-17.618660713311364,-18.930179809030243,-22.230586543583623,-25.444336262256794,-28.547406139739678,-31.505485144938444,-34.26479302317764,-36.72675618181844,-38.63372298264302,-42.20381815247018,-45.68029141674805,-49.041755754797165,-52.25792088446184,-55.28240845383933,-58.03458280763949,-60.33303560162315,-64.08324279568198,-67.73941859893463,-71.28218948077641,-74.68452597697402,-77.90607820875336,-80.87986060433269,-83.47033772788534,-85.1903255844777,-88.98518965135173,-92.67002334793143,-96.22057511534331,-99.60147605691319,-102.75626432642811,-105.57941811309344,-107.78554376739065,-111.69448213173385,-115.49733022144387,-119.17222703426391,-122.68794991714536,-125.99628919289276,-129.01255771581182,-131.54269237557327,-135.5491784870439,-139.45362905840398,-143.23625191999386,-146.8693032240438,-150.311153872714,-153.49223131808756,-156.27011564209073
-2.7477668305335294,-5.482402498317868,-8.17621887406193,-10.796706712951515,-13.300994709046067,-15.623943165188814,-17.642556968359532,-18.954991582756488,-22.26009825635211,-25.478306523299032,-28.585522905319035,-31.54734116838632,-34.30984874390172,-36.77427849390285,-38.682652476437326,-42.25763246900484,-45.73874848529116,-49.10454943843012,-52.32465892377588,-55.352579999999655,-58.10750738805717,-60.407767356056176,-64.16296851169903,-67.8239075423684,-71.37115217658183,-74.77759448373975,-78.00277756484132,-80.97956534852162,-83.57219718170694,-85.29305611106278,-89.09278120980791,-92.7822046433275,-96.33700327360296,-99.72171137101483,-102.8797326721003,-105.70534996430857,-107.91284324768259,-111.82672821856559,-115.63426934095946,-119.31354025226264,-122.8332305044646,-126.14500981200514,-129.16401923583356,-131.6959283408949,-135.70743827078147,-139.61667580628227,-143.40378902958165,-147.0409543428787,-150.4864340429056,-153.67050322160952,-156.45051465245461
-2.7515848759377626,-5.490000415342307,-8.187478623647937,-10.811419152813812,-13.318838231316384,-15.64444645436241,-17.665029466182073,-18.97832345283585,-22.287850257487694,-25.510251327782704,-28.621366614762557,-31.58670021616671,-34.35221503486603,-36.81896200252244,-38.72865700977884,-42.308230569816246,-45.79371227155025,-49.16359065758708,-52.38740819628155,-55.41855631020162,-58.17607022029099,-60.47802706186638,-64.23792425491794,-67.90334215877044,-71.4547931461966,-74.86509536216643,-78.09369113932401,-81.07330283636749,-83.66795826290927,-85.38963457806454,-89.19393049643604,-92.88766937714745,-96.44646063920597,-99.83474735807535,-102.99580678499144,-105.82373807948277,-108.03251511924833,-111.95105138296096,-115.76300513454596,-119.44638842281385,-122.96980810208994,-126.28482036101029,-129.30640474220053,-131.8399799001487,-135.8562137404734,-139.76995228488806,-143.56128731193442,-147.20232009309566,-150.65121067048685,-153.83809082835296,-156.62009986196452
-2.755163842619999,-5.497122497134623,-8.19803296502346,-10.825209353576257,-13.335562326854097,-15.663662061542894,-17.6860888203378,-19.000186735910372,-22.313855911444463,-25.54018603947402,-28.654954574488407,-31.62358146366449,-34.39191282637715,-36.86082917869811,-38.77176010860588,-42.355638191449664,-45.84521065832949,-49.21890937064907,-52.44620065184507,-55.48037120989063,-58.24030681174287,-60.54385151667094,-64.3081491134748,-67.97776375708555,-71.53315584444918,-74.94707412750273,-78.17886639782351,-81.16112231440442,-83.75767168253884,-85.48011241696963,-89.28869121312094,-92.9864734455548,-96.54900521812357,-99.94064403050318,-103.10454853536103,-105.93464592813706,-108.1446239036408,-112.06751845568576,-115.8836066659732,-119.57084275975619,-123.09775597644489,-126.4157960270767,-129.4397911282192,-131.9749252308752,-135.99558541620365,-139.91354128100352,-143.70883173914027,-147.3534875394233,-150.8055727940523,-153.99508496956238,-156.77896356061558
-2.7585052111596315,-5.503771703168552,-8.207886330800225,-10.83808320810795,-13.35117431972126,-15.681598671904121,-17.705744897535563,-19.020591950732484,-22.338127640677897,-25.56812493927249,-28.686302870984754,-31.65800273421434,-34.42896157218446,-36.89990090674415,-38.81198363547751,-42.39987925088884,-45.89326955705528,-49.27053341761651,-52.50106598067311,-55.5380561314168,-58.30025015635181,-60.60527491112584,-64.37367940638822,-68.04721071975017,-71.60628064740735,-75.02357306984776,-78.25834744193443,-81.24306953775577,-83.84138455446508,-85.56453740897663,-89.37711325040873,-93.07866877756146,-96.64469089918265,-100.03945714066585,-103.20601540065498,-106.03813247183439,-108.24922953751019,-112.1761915187321,-115.99613809161796,-119.6869694166432,-123.21714218749449,-126.53800665376255,-129.56424982105844,-132.10083695111467,-136.12562809229442,-140.04751969461748,-143.8465012410888,-147.4945375553904,-150.94960312015473,-154.14157001596274,-156.92719147233538
-2.761610353344691,-5.509950775464803,-8.21704282791196,-10.850046176323968,-13.365680995820014,-15.69826433214505,-17.72400683827637,-19.03954884049632,-22.360676951959487,-25.594081255449744,-28.715426404899947,-31.68998053694839,-34.46337929094741,-36.936196529085365,-38.84934783694547,-42.44097589735534,-45.93791296391146,-49.31848858047623,-52.55203167778797,-55.59164018245699,-58.35593080670041,-60.66232890410082,-64.434548763391,-68.11171858707418,-71.67420494119212,-75.09463134726234,-78.33217510646622,-81.31918687126608,-83.91914049992064,-85.6429537914413,-89.45924279863485,-93.16430345071518,-96.73356757417415,-100.13123830525478,-103.30026059390588,-106.13425229622939,-108.34638750730585,-112.27712804479756,-116.10065880459551,-119.7948296353885,-123.32802974174379,-126.6515168981632,-129.67984694272621,-132.21778228350306,-136.246411006254,-140.17195871260003,-143.9743688837353,-147.6255450060234,-151.08337821024574,-154.27762406867006,-157.06486294933248
-2.7644805349699553,-5.515662244182814,-8.225506245985905,-10.86110329631153,-13.379088616731963,-15.713666466964394,-17.740883075755328,-19.057066393283247,-22.38151446047019,-25.618067191336475,-28.742338922255932,-31.719530101449763,-34.49518260420229,-36.9697338872888,-38.88387138691991,-42.47894855972754,-45.97916301122726,-49.36279863846241,-52.59912310204799,-55.6411502086464,-58.40737694001643,-60.71504269148441,-64.4907881979968,-68.17132013447136,-71.73696320326387,-75.16028507098655,-78.40038704843963,-81.38951338205449,-83.99097974316956,-85.71540235528174,-89.53512244961377,-93.24342179696049,-96.8156812477581,-100.21603511908366,-103.38733318122138,-106.22305573189226,-108.43614897252053,-112.37038102490028,-116.19722356663046,-119.89447988226516,-123.43047673221832,-126.75638637468566,-129.78664345734467,-132.32582320539433,-136.35799799333805,-140.2869239675875,-144.0925020321836,-147.74657891498396,-151.20696865169324,-154.4033191338381,-157.19205114988333
-2.767116918390651,-5.520908432724094,-8.233280064983159,-10.871259194484542,-13.391402932349202,-15.727811894097005,-17.756381353112815,-19.07315286071911,-22.400649911787383,-25.640093950589183,-28.767053042933302,-31.74666540937677,-34.52438677100937,-37.00052935950581,-38.91557142623693,-42.513815989806545,-46.01704001436434,-49.403485418476976,-52.64236352999707,-55.68661085072144,-58.45461441838785,-60.76344306895222,-64.5424261741561,-68.22604544291345,-71.79458707657518,-75.2205673831779,-78.46301782827028,-81.4540849239406,-84.05693919877028,-85.78192053382041,-89.60479128938857,-93.31606449919221,-96.8910741377046,-100.29389125887852,-103.46727818893798,-106.30458896450133,-108.5185608780849,-112.45599908475916,-116.28588262831764,-119.98597197193081,-123.52453646611886,-126.85266978616146,-129.88469530545242,-132.42501658575532,-136.46044762749213,-140.39247568286774,-144.2009624993984,-147.85770261697786,-151.3204392137272,-154.51872128191116,-157.30882320044512
-2.769520564843665,-5.525691462370972,-8.240367462143507,-10.880518094813802,-13.402629192355727,-15.740706837981863,-17.770508739115233,-19.087815774930707,-22.41809220186833,-25.66017176015496,-28.78958028656131,-31.77139922320591,-34.551005719442664,-37.02859789450063,-38.9444635986152,-42.54559530163378,-46.05156251432486,-49.440568840907936,-52.681774204798394,-55.728044596444875,-58.497666843477646,-60.80755448899801,-64.58948866681943,-68.27592196294363,-71.84710543694419,-75.27550852754098,-78.52009898352755,-81.51293421414705,-84.11705255085249,-85.84254248349099,-89.66828498248712,-93.38226867896641,-96.95978476595354,-100.36484657756067,-103.54013670095743,-106.37889413493724,-108.59366605645738,-112.53402659050397,-116.36668183835666,-120.0693531800805,-123.61025758076981,-126.94041704293466,-129.97405352598722,-132.51541430949888,-136.55381334936106,-140.48866880396966,-144.2998066812704,-147.95897389617608,-151.42384898907122,-154.6238907922574,-157.41524034288304
-2.7716924365469606,-5.530013256482103,-8.246771318266703,-10.88888382717541,-13.412772156612151,-15.752356942124614,-17.783271642337663,-19.101061963880333,-22.433849395122685,-25.678309891040556,-28.809931095932495,-31.79374311222648,-34.575052075068186,-37.053953042423,-38.970562083169085,-42.5743020070434,-46.08274731627905,-49.47406696105934,-52.717374380480585,-55.76547182755582,-58.536555605994444,-60.84739911249548,-64.63199921669252,-68.3209745725508,-71.89454445396593,-75.32513591318205,-78.57165909561665,-81.56609090264129,-84.17135032478339,-85.89729915679354,-89.72563584808549,-93.44206797578643,-97.02184804092698,-100.4289371894713,-103.60594594673029,-106.44600942975666,-108.66150331989793,-112.6045037442211,-116.43966274228269,-120.14466634526649,-123.68768414841685,-127.01967337049581,-130.05476436653427,-132.5970633898534,-136.638143581981,-140.5755531175911,-144.38908567868478,-148.05044511131592,-151.51725152194467,-154.71888228388224,-157.5113580675252
-2.7736333985867327,-5.533875544263816,-8.252494223358731,-10.896359834855254,-13.421836104490723,-15.762767280210598,-17.79467582391266,-19.112897565148394,-22.447928740656593,-25.694516676980466,-28.828114858048778,-31.813707475905538,-34.596537186540836,-37.07660698246637,-38.993879623628644,-42.59995004761382,-46.11060952419044,-49.50399600638459,-52.749181361701424,-55.79891086196247,-58.57129993014905,-60.88299685503141,-64.66997897943867,-68.36122562917431,-71.93692764574557,-75.36947417198608,-78.61772384969566,-81.61358163444092,-84.21985995155912,-85.94621836784087,-89.77687292843648,-93.49549261833631,-97.07729533148098,-100.486195546939,-103.6647393803008,-106.50596916247268,-108.72210754336231,-112.66746666978716,-116.50486267116118,-120.2119499603674,-123.75685577037045,-127.09047940617259,-130.12686938236396,-132.67000606930313,-136.71348183470448,-140.6531733584303,-144.4688454071731,-148.1321633080765,-151.60069492304288,-154.80374483284257,-157.59722623267834
-2.7753442206008017,-5.537279864134241,-8.25753848166845,-10.902949181243248,-13.429824843202592,-15.771942366018258,-17.804726408902606,-19.12332803822661,-22.460336686761696,-25.708799531088275,-28.84413992289398,-31.831301564728648,-34.615471148435525,-37.09657054753661,-39.014427554399184,-42.622551823163334,-46.1351625716959,-49.53037040969212,-52.77721053920968,-55.82837799136949,-58.601916913299576,-60.91436542822211,-64.70344676955395,-68.39669501607806,-71.97427592770507,-75.40854520978048,-78.65831608810325,-81.65543010517001,-84.2626058252195,-85.98932485080063,-89.82202204988123,-93.54256948799303,-97.12615453284099,-100.53665050854657,-103.71654675078157,-106.55880384602088,-108.7755097384046,-112.72294748939176,-116.56231482066111,-120.27123825413467,-123.81780766093596,-127.15287128532968,-130.19040552472268,-132.73427990957327,-136.7798667958459,-140.72156930442205,-144.53912669466385,-148.20417031925658,-151.67422197203635,-154.87852207691495,-157.67288917116701
-2.776825578265716,-5.540227566695189,-8.261906116136961,-10.908654555747132,-13.436741715154294,-15.77988616217691,-17.813427896346088,-19.132358175376844,-22.47107889371396,-25.721164960565723,-28.858013620016628,-31.84653349860956,-34.63186282141485,-37.11385324604207,-39.03221582357836,-42.64211821691911,-46.15641824938054,-49.55320283847423,-52.80147542116635,-55.853887514511364,-58.62842156096589,-60.94152037620239,-64.73241909911567,-68.42740018330535,-72.00660765568612,-75.4423682515191,-78.69345585754137,-81.69165711012067,-84.2996093535491,-86.02664031150144,-89.8611058767244,-93.58332217490947,-97.16845012482413,-100.58032739941147,-103.76139416458278,-106.60454025674578,-108.82173711842985,-112.77097439110392,-116.61204832087313,-120.3225612631938,-123.8705707215191,-127.20688071747786,-130.24540521878717,-132.78991787107813,-136.83733241447908,-140.78077586082256,-144.599965367787,-148.26650285322174,-151.73787020806714,-154.94325230800607,-157.73838578439484
-2.778078054594123,-5.542719817324858,-8.265598872279346,-10.913478278951796,-13.442589604365791,-15.786602087807365,-17.820784168022602,-19.139992111103776,-22.480160244938894,-25.731618579534473,-28.869742272996387,-31.859410282950275,-34.645719849822434,-37.12846328090175,-39.04725301303326,-42.658658617471126,-46.174386728568564,-49.572504220489286,-52.82198766046439,-55.87545176613949,-58.65082681736967,-60.9644751074503,-64.75691021157787,-68.45335618339888,-72.03393866354331,-75.47095988069,-78.7231604502259,-81.72228058704161,-84.33088900229464,-86.05818347243817,-89.89414395821788,-93.61777102692334,-97.20420322261357,-100.61724806375452,-103.79930413967968,-106.64320149019976,-108.86081315559579,-112.8115716877911,-116.65408829719192,-120.36594489483052,-123.91517160524658,-127.25253505264115,-130.29189643164008,-132.83694838219805,-136.88590797176252,-140.8308231335291,-144.6513923271286,-148.3191925710272,-151.7916720086576,-154.99796855272976,-157.79374962435958
-2.7791021410480816,-5.544757598402717,-8.268618221515698,-10.917422307046683,-13.447370941978038,-15.792093025078682,-17.826798495973755,-19.146233330282993,-22.487584856592168,-25.740165120046886,-28.87933121185749,-31.869937822421885,-34.657048676779326,-37.14040756585521,-39.059546355626665,-42.67218093760901,-46.189076581736,-49.588283765711346,-52.838757078168946,-55.893081141892736,-58.66914359163667,-60.98324092209065,-64.77693211076547,-68.47457570204566,-72.05628229539586,-75.49433407312397,-78.74744443918989,-81.74731565284603,-84.35646033309759,-86.0839701113792,-89.92115276886535,-93.64593319151307,-97.23343162031419,-100.64743090999464,-103.83029565216437,-106.67480700900776,-108.89275762962205,-112.84475986765909,-116.6884559225403,-120.4014109808475,-123.9516327723962,-127.28985733828472,-130.3299027305768,-132.87539539870141,-136.92561814211837,-140.87173649196953,-144.69343361178016,-148.36226615256948,-151.83565465739414,-155.04269864152124,-157.83900896400027
-2.7798982384731303,-5.546341711176187,-8.270965363965878,-10.920488235540445,-13.451087710873967,-15.796361324709444,-17.831473548813662,-19.151084674980144,-22.493356085597508,-25.746808441323807,-28.886784783483375,-31.878120932526393,-34.665854556849425,-37.14969173914584,-39.06910174966825,-42.68269163012431,-46.20049479963515,-49.60054898474374,-52.85179168318127,-55.906784119160896,-58.68338077977704,-60.99782703479849,-64.79249458519601,-68.49106908378349,-72.07364943268189,-75.51250222535403,-78.76631970789661,-81.7667746344026,-84.37633603531197,-86.10401309374932,-89.94214574222865,-93.66782265098917,-97.25614982748581,-100.67089094857266,-103.85438417529106,-106.69937268301335,-108.9175866687278,-112.87055563664092,-116.71516846117038,-120.42897732273471,-123.97997253688646,-127.3188663670605,-130.35944333200703,-132.90527845358096,-136.95648304454235,-140.9035366218468,-144.72611045347514,-148.39574535206606,-151.86984040069123,-155.07746526660063,-157.87418685619383
-2.7804666578571444,-5.54747277727717,-8.272641230720026,-10.922677302278782,-13.453741449432654,-15.799408810437141,-17.834811396855613,-19.154548349990616,-22.497476536176535,-25.751551537259264,-28.892106360077435,-31.883963348989408,-34.67214156632859,-37.15632017463652,-39.07592377065379,-42.690195700647166,-46.20864680520512,-49.6093057037768,-52.86109768821198,-55.91656727403234,-58.69354528253992,-61.00824059340298,-64.80360522783542,-68.50284435288141,-72.08604851613349,-75.525473177651,-78.77979547429322,-81.78066709354562,-84.3905259518481,-86.11832239893181,-89.95713329838607,-93.68345025107739,-97.27236909881613,-100.68763982267238,-103.87158171118931,-106.7169108218855,-108.93531278288076,-112.88897195282475,-116.73423930423864,-120.44865772835657,-124.00020510403536,-127.33957671558574,-130.38053314117224,-132.9266126975297,-136.9785182842765,-140.92623956797684,-144.74943932055717,-148.419647043115,-151.89424649389403,-155.10228602904925,-157.89930118167015
